GCA_019702695.1_ASM1970269v1_genomic,GCA_019702695.1_ASM1970269v1_genomic.fna,linear,20
GCA_019828565.1_ASM1982856v1_genomic,GCA_019828565.1_ASM1982856v1_genomic.fna,linear,20
GCA_019828595.1_UMN_Aphcoc_1.0_genomic,GCA_019828595.1_UMN_Aphcoc_1.0_genomic.fna,linear,20
GCA_019968955.1_MNHN_PgigA_v1_genomic,GCA_019968955.1_MNHN_PgigA_v1_genomic.fna,linear,20
GCA_019968985.1_MNHN_PgigB_v1_genomic,GCA_019968985.1_MNHN_PgigB_v1_genomic.fna,linear,20
GCA_020086505.1_ASM2008650v1_genomic,GCA_020086505.1_ASM2008650v1_genomic.fna,linear,20
GCA_020186115.1_ASM2018611v1_genomic,GCA_020186115.1_ASM2018611v1_genomic.fna,linear,20
GCA_020226015.1_ASM2022601v1_genomic,GCA_020226015.1_ASM2022601v1_genomic.fna,linear,20
GCA_020283495.1_ASM2028349v1_genomic,GCA_020283495.1_ASM2028349v1_genomic.fna,linear,20
GCA_020283505.1_ASM2028350v1_genomic,GCA_020283505.1_ASM2028350v1_genomic.fna,linear,20
GCA_020283525.1_ASM2028352v1_genomic,GCA_020283525.1_ASM2028352v1_genomic.fna,linear,20
GCA_020283535.1_ASM2028353v1_genomic,GCA_020283535.1_ASM2028353v1_genomic.fna,linear,20
GCA_020283715.1_ASM2028371v1_genomic,GCA_020283715.1_ASM2028371v1_genomic.fna,linear,20
GCA_020449125.1_ASM2044912v1_genomic,GCA_020449125.1_ASM2044912v1_genomic.fna,linear,20
GCA_020509355.1_ASM2050935v1_genomic,GCA_020509355.1_ASM2050935v1_genomic.fna,linear,20
GCA_020536535.1_ASM2053653v1_genomic,GCA_020536535.1_ASM2053653v1_genomic.fna,linear,20
GCA_020696425.1_ASM2069642v1_genomic,GCA_020696425.1_ASM2069642v1_genomic.fna,linear,20
GCA_020783415.1_ASM2078341v1_genomic,GCA_020783415.1_ASM2078341v1_genomic.fna,linear,20
GCA_020975765.1_Upin_Kr2015_genomic,GCA_020975765.1_Upin_Kr2015_genomic.fna,linear,20
GCA_021029045.1_ASM2102904v1_genomic,GCA_021029045.1_ASM2102904v1_genomic.fna,linear,20
GCA_021439955.1_ASM2143995v1_genomic,GCA_021439955.1_ASM2143995v1_genomic.fna,linear,20
GCA_021439965.1_ASM2143996v1_genomic,GCA_021439965.1_ASM2143996v1_genomic.fna,linear,20
GCA_021440005.1_ASM2144000v1_genomic,GCA_021440005.1_ASM2144000v1_genomic.fna,linear,20
GCA_021440025.1_ASM2144002v1_genomic,GCA_021440025.1_ASM2144002v1_genomic.fna,linear,20
GCA_021441625.1_ASM2144162v1_genomic,GCA_021441625.1_ASM2144162v1_genomic.fna,linear,20
GCA_021441645.1_ASM2144164v1_genomic,GCA_021441645.1_ASM2144164v1_genomic.fna,linear,20
GCA_021441665.1_ASM2144166v1_genomic,GCA_021441665.1_ASM2144166v1_genomic.fna,linear,20
GCA_021527685.1_ASM2152768v1_genomic,GCA_021527685.1_ASM2152768v1_genomic.fna,linear,20
GCA_021927905.1_Cten210_1.0_genomic,GCA_021927905.1_Cten210_1.0_genomic.fna,linear,20
GCA_022059095.1_T.mel.1_genomic,GCA_022059095.1_T.mel.1_genomic.fna,linear,20
GCA_022244645.1_CU_Tstria_genomic,GCA_022244645.1_CU_Tstria_genomic.fna,linear,20
GCA_022496095.1_ASM2249609v1_genomic,GCA_022496095.1_ASM2249609v1_genomic.fna,linear,20
GCA_022925895.1_ASM2292589v1_genomic,GCA_022925895.1_ASM2292589v1_genomic.fna,linear,20
GCA_022984795.1_ASM2298479v1_genomic,GCA_022984795.1_ASM2298479v1_genomic.fna,linear,20
GCA_023091115.2_OSU_Omodryi_genomic,GCA_023091115.2_OSU_Omodryi_genomic.fna,linear,20
GCA_023091665.1_ASM2309166v1_genomic,GCA_023091665.1_ASM2309166v1_genomic.fna,linear,20
GCA_023091735.1_ASM2309173v1_genomic,GCA_023091735.1_ASM2309173v1_genomic.fna,linear,20
GCA_023158965.1_ASM2315896v1_genomic,GCA_023158965.1_ASM2315896v1_genomic.fna,linear,20
GCA_023159015.1_ASM2315901v1_genomic,GCA_023159015.1_ASM2315901v1_genomic.fna,linear,20
GCA_023333695.1_ASM2333369v1_genomic,GCA_023333695.1_ASM2333369v1_genomic.fna,linear,20
GCA_023333705.1_ASM2333370v1_genomic,GCA_023333705.1_ASM2333370v1_genomic.fna,linear,20
GCA_023333735.1_ASM2333373v1_genomic,GCA_023333735.1_ASM2333373v1_genomic.fna,linear,20
GCA_023333755.1_ASM2333375v1_genomic,GCA_023333755.1_ASM2333375v1_genomic.fna,linear,20
GCA_023333775.1_ASM2333377v1_genomic,GCA_023333775.1_ASM2333377v1_genomic.fna,linear,20
GCA_023333795.1_ASM2333379v1_genomic,GCA_023333795.1_ASM2333379v1_genomic.fna,linear,20
GCA_023333815.1_ASM2333381v1_genomic,GCA_023333815.1_ASM2333381v1_genomic.fna,linear,20
GCA_023333825.1_ASM2333382v1_genomic,GCA_023333825.1_ASM2333382v1_genomic.fna,linear,20
GCA_023333845.1_ASM2333384v1_genomic,GCA_023333845.1_ASM2333384v1_genomic.fna,linear,20
GCA_023333865.1_ASM2333386v1_genomic,GCA_023333865.1_ASM2333386v1_genomic.fna,linear,20
GCA_023333885.1_ASM2333388v1_genomic,GCA_023333885.1_ASM2333388v1_genomic.fna,linear,20
GCA_023333955.1_ASM2333395v1_genomic,GCA_023333955.1_ASM2333395v1_genomic.fna,linear,20
GCA_023334005.1_ASM2333400v1_genomic,GCA_023334005.1_ASM2333400v1_genomic.fna,linear,20
GCA_023334015.1_ASM2333401v1_genomic,GCA_023334015.1_ASM2333401v1_genomic.fna,linear,20
GCA_023334035.1_ASM2333403v1_genomic,GCA_023334035.1_ASM2333403v1_genomic.fna,linear,20
GCA_023334055.1_ASM2333405v1_genomic,GCA_023334055.1_ASM2333405v1_genomic.fna,linear,20
GCA_023334075.1_ASM2333407v1_genomic,GCA_023334075.1_ASM2333407v1_genomic.fna,linear,20
GCA_023334085.1_ASM2333408v1_genomic,GCA_023334085.1_ASM2333408v1_genomic.fna,linear,20
GCA_023334105.1_ASM2333410v1_genomic,GCA_023334105.1_ASM2333410v1_genomic.fna,linear,20
GCA_023334115.1_ASM2333411v1_genomic,GCA_023334115.1_ASM2333411v1_genomic.fna,linear,20
GCA_023334135.1_ASM2333413v1_genomic,GCA_023334135.1_ASM2333413v1_genomic.fna,linear,20
GCA_023334155.1_ASM2333415v1_genomic,GCA_023334155.1_ASM2333415v1_genomic.fna,linear,20
GCA_023334175.1_ASM2333417v1_genomic,GCA_023334175.1_ASM2333417v1_genomic.fna,linear,20
GCA_023334195.1_ASM2333419v1_genomic,GCA_023334195.1_ASM2333419v1_genomic.fna,linear,20
GCA_023334215.1_ASM2333421v1_genomic,GCA_023334215.1_ASM2333421v1_genomic.fna,linear,20
GCA_023334245.1_ASM2333424v1_genomic,GCA_023334245.1_ASM2333424v1_genomic.fna,linear,20
GCA_023334255.1_ASM2333425v1_genomic,GCA_023334255.1_ASM2333425v1_genomic.fna,linear,20
GCA_023334275.1_ASM2333427v1_genomic,GCA_023334275.1_ASM2333427v1_genomic.fna,linear,20
GCA_023334305.1_ASM2333430v1_genomic,GCA_023334305.1_ASM2333430v1_genomic.fna,linear,20
GCA_023334315.1_ASM2333431v1_genomic,GCA_023334315.1_ASM2333431v1_genomic.fna,linear,20
GCA_023334355.1_ASM2333435v1_genomic,GCA_023334355.1_ASM2333435v1_genomic.fna,linear,20
GCA_023334365.1_ASM2333436v1_genomic,GCA_023334365.1_ASM2333436v1_genomic.fna,linear,20
GCA_023334395.1_ASM2333439v1_genomic,GCA_023334395.1_ASM2333439v1_genomic.fna,linear,20
GCA_023334415.1_ASM2333441v1_genomic,GCA_023334415.1_ASM2333441v1_genomic.fna,linear,20
GCA_023334535.1_ASM2333453v1_genomic,GCA_023334535.1_ASM2333453v1_genomic.fna,linear,20
GCA_023334545.1_ASM2333454v1_genomic,GCA_023334545.1_ASM2333454v1_genomic.fna,linear,20
GCA_023334555.1_ASM2333455v1_genomic,GCA_023334555.1_ASM2333455v1_genomic.fna,linear,20
GCA_023334565.1_ASM2333456v1_genomic,GCA_023334565.1_ASM2333456v1_genomic.fna,linear,20
GCA_023334575.1_ASM2333457v1_genomic,GCA_023334575.1_ASM2333457v1_genomic.fna,linear,20
GCA_023334595.1_ASM2333459v1_genomic,GCA_023334595.1_ASM2333459v1_genomic.fna,linear,20
GCA_023334615.1_ASM2333461v1_genomic,GCA_023334615.1_ASM2333461v1_genomic.fna,linear,20
GCA_023334975.1_ASM2333497v1_genomic,GCA_023334975.1_ASM2333497v1_genomic.fna,linear,20
GCA_023334995.1_ASM2333499v1_genomic,GCA_023334995.1_ASM2333499v1_genomic.fna,linear,20
GCA_023335435.1_ASM2333543v1_genomic,GCA_023335435.1_ASM2333543v1_genomic.fna,linear,20
GCA_023335535.1_ASM2333553v1_genomic,GCA_023335535.1_ASM2333553v1_genomic.fna,linear,20
GCA_023335655.1_ASM2333565v1_genomic,GCA_023335655.1_ASM2333565v1_genomic.fna,linear,20
GCA_023335675.1_ASM2333567v1_genomic,GCA_023335675.1_ASM2333567v1_genomic.fna,linear,20
GCA_023335835.1_ASM2333583v1_genomic,GCA_023335835.1_ASM2333583v1_genomic.fna,linear,20
GCA_023335855.1_ASM2333585v1_genomic,GCA_023335855.1_ASM2333585v1_genomic.fna,linear,20
GCA_023335875.1_ASM2333587v1_genomic,GCA_023335875.1_ASM2333587v1_genomic.fna,linear,20
GCA_023335885.1_ASM2333588v1_genomic,GCA_023335885.1_ASM2333588v1_genomic.fna,linear,20
GCA_023335895.1_ASM2333589v1_genomic,GCA_023335895.1_ASM2333589v1_genomic.fna,linear,20
GCA_023335905.1_ASM2333590v1_genomic,GCA_023335905.1_ASM2333590v1_genomic.fna,linear,20
GCA_023335925.1_ASM2333592v1_genomic,GCA_023335925.1_ASM2333592v1_genomic.fna,linear,20
GCA_023335935.1_ASM2333593v1_genomic,GCA_023335935.1_ASM2333593v1_genomic.fna,linear,20
GCA_023335995.1_ASM2333599v1_genomic,GCA_023335995.1_ASM2333599v1_genomic.fna,linear,20
GCA_023336015.1_ASM2333601v1_genomic,GCA_023336015.1_ASM2333601v1_genomic.fna,linear,20
GCA_023336035.1_ASM2333603v1_genomic,GCA_023336035.1_ASM2333603v1_genomic.fna,linear,20
GCA_023336075.1_ASM2333607v1_genomic,GCA_023336075.1_ASM2333607v1_genomic.fna,linear,20
GCA_023336095.1_ASM2333609v1_genomic,GCA_023336095.1_ASM2333609v1_genomic.fna,linear,20
GCA_023336105.1_ASM2333610v1_genomic,GCA_023336105.1_ASM2333610v1_genomic.fna,linear,20
GCA_023336125.1_ASM2333612v1_genomic,GCA_023336125.1_ASM2333612v1_genomic.fna,linear,20
GCA_023336165.1_ASM2333616v1_genomic,GCA_023336165.1_ASM2333616v1_genomic.fna,linear,20
GCA_023336175.1_ASM2333617v1_genomic,GCA_023336175.1_ASM2333617v1_genomic.fna,linear,20
GCA_023336215.1_ASM2333621v1_genomic,GCA_023336215.1_ASM2333621v1_genomic.fna,linear,20
GCA_023336225.1_ASM2333622v1_genomic,GCA_023336225.1_ASM2333622v1_genomic.fna,linear,20
GCA_023336235.1_ASM2333623v1_genomic,GCA_023336235.1_ASM2333623v1_genomic.fna,linear,20
GCA_023336255.1_ASM2333625v1_genomic,GCA_023336255.1_ASM2333625v1_genomic.fna,linear,20
GCA_023336285.1_ASM2333628v1_genomic,GCA_023336285.1_ASM2333628v1_genomic.fna,linear,20
GCA_023336295.1_ASM2333629v1_genomic,GCA_023336295.1_ASM2333629v1_genomic.fna,linear,20
GCA_023336345.1_ASM2333634v1_genomic,GCA_023336345.1_ASM2333634v1_genomic.fna,linear,20
GCA_023336355.1_ASM2333635v1_genomic,GCA_023336355.1_ASM2333635v1_genomic.fna,linear,20
GCA_023336395.1_ASM2333639v1_genomic,GCA_023336395.1_ASM2333639v1_genomic.fna,linear,20
GCA_023336405.1_ASM2333640v1_genomic,GCA_023336405.1_ASM2333640v1_genomic.fna,linear,20
GCA_023336425.1_ASM2333642v1_genomic,GCA_023336425.1_ASM2333642v1_genomic.fna,linear,20
GCA_023336445.1_ASM2333644v1_genomic,GCA_023336445.1_ASM2333644v1_genomic.fna,linear,20
GCA_023337495.1_ASM2333749v1_genomic,GCA_023337495.1_ASM2333749v1_genomic.fna,linear,20
GCA_023337535.1_ASM2333753v1_genomic,GCA_023337535.1_ASM2333753v1_genomic.fna,linear,20
GCA_023337545.1_ASM2333754v1_genomic,GCA_023337545.1_ASM2333754v1_genomic.fna,linear,20
GCA_023337575.1_ASM2333757v1_genomic,GCA_023337575.1_ASM2333757v1_genomic.fna,linear,20
GCA_023337595.1_ASM2333759v1_genomic,GCA_023337595.1_ASM2333759v1_genomic.fna,linear,20
GCA_023337615.1_ASM2333761v1_genomic,GCA_023337615.1_ASM2333761v1_genomic.fna,linear,20
GCA_023337735.1_ASM2333773v1_genomic,GCA_023337735.1_ASM2333773v1_genomic.fna,linear,20
GCA_023337755.1_ASM2333775v1_genomic,GCA_023337755.1_ASM2333775v1_genomic.fna,linear,20
GCA_023337775.1_ASM2333777v1_genomic,GCA_023337775.1_ASM2333777v1_genomic.fna,linear,20
GCA_023337805.1_ASM2333780v1_genomic,GCA_023337805.1_ASM2333780v1_genomic.fna,linear,20
GCA_023337825.1_ASM2333782v1_genomic,GCA_023337825.1_ASM2333782v1_genomic.fna,linear,20
GCA_023337875.1_ASM2333787v1_genomic,GCA_023337875.1_ASM2333787v1_genomic.fna,linear,20
GCA_023337905.1_ASM2333790v1_genomic,GCA_023337905.1_ASM2333790v1_genomic.fna,linear,20
GCA_023337915.1_ASM2333791v1_genomic,GCA_023337915.1_ASM2333791v1_genomic.fna,linear,20
GCA_023337935.1_ASM2333793v1_genomic,GCA_023337935.1_ASM2333793v1_genomic.fna,linear,20
GCA_023337955.1_ASM2333795v1_genomic,GCA_023337955.1_ASM2333795v1_genomic.fna,linear,20
GCA_023337975.1_ASM2333797v1_genomic,GCA_023337975.1_ASM2333797v1_genomic.fna,linear,20
GCA_023338025.1_ASM2333802v1_genomic,GCA_023338025.1_ASM2333802v1_genomic.fna,linear,20
GCA_023338055.1_ASM2333805v1_genomic,GCA_023338055.1_ASM2333805v1_genomic.fna,linear,20
GCA_023338065.1_ASM2333806v1_genomic,GCA_023338065.1_ASM2333806v1_genomic.fna,linear,20
GCA_023338075.1_ASM2333807v1_genomic,GCA_023338075.1_ASM2333807v1_genomic.fna,linear,20
GCA_023338115.1_ASM2333811v1_genomic,GCA_023338115.1_ASM2333811v1_genomic.fna,linear,20
GCA_023338125.1_ASM2333812v1_genomic,GCA_023338125.1_ASM2333812v1_genomic.fna,linear,20
GCA_023338135.1_ASM2333813v1_genomic,GCA_023338135.1_ASM2333813v1_genomic.fna,linear,20
GCA_023338175.1_ASM2333817v1_genomic,GCA_023338175.1_ASM2333817v1_genomic.fna,linear,20
GCA_023338185.1_ASM2333818v1_genomic,GCA_023338185.1_ASM2333818v1_genomic.fna,linear,20
GCA_023338205.1_ASM2333820v1_genomic,GCA_023338205.1_ASM2333820v1_genomic.fna,linear,20
GCA_023338225.1_ASM2333822v1_genomic,GCA_023338225.1_ASM2333822v1_genomic.fna,linear,20
GCA_023345645.1_ASM2334564v1_genomic,GCA_023345645.1_ASM2334564v1_genomic.fna,linear,20
GCA_023345925.1_ASM2334592v1_genomic,GCA_023345925.1_ASM2334592v1_genomic.fna,linear,20
GCA_023346065.1_ASM2334606v1_genomic,GCA_023346065.1_ASM2334606v1_genomic.fna,linear,20
GCA_023346425.1_ASM2334642v1_genomic,GCA_023346425.1_ASM2334642v1_genomic.fna,linear,20
GCA_023347145.1_ASM2334714v1_genomic,GCA_023347145.1_ASM2334714v1_genomic.fna,linear,20
GCA_023611945.1_ASM2361194v1_genomic,GCA_023611945.1_ASM2361194v1_genomic.fna,linear,20
GCA_023658685.1_ASM2365868v1_genomic,GCA_023658685.1_ASM2365868v1_genomic.fna,linear,20
GCA_023705535.2_Bovis.genome.20180530v2_genomic,GCA_023705535.2_Bovis.genome.20180530v2_genomic.fna,linear,20
GCA_023783175.1_ASM2378317v1_genomic,GCA_023783175.1_ASM2378317v1_genomic.fna,linear,20
GCA_023783255.1_ASM2378325v1_genomic,GCA_023783255.1_ASM2378325v1_genomic.fna,linear,20
GCA_023783335.1_ASM2378333v1_genomic,GCA_023783335.1_ASM2378333v1_genomic.fna,linear,20
GCA_023783355.1_ASM2378335v1_genomic,GCA_023783355.1_ASM2378335v1_genomic.fna,linear,20
GCA_023783415.1_ASM2378341v1_genomic,GCA_023783415.1_ASM2378341v1_genomic.fna,linear,20
GCA_023805485.1_ASM2380548v1_genomic,GCA_023805485.1_ASM2380548v1_genomic.fna,linear,20
GCA_023805525.1_ASM2380552v1_genomic,GCA_023805525.1_ASM2380552v1_genomic.fna,linear,20
GCA_023805665.1_ASM2380566v1_genomic,GCA_023805665.1_ASM2380566v1_genomic.fna,linear,20
GCA_023805755.1_ASM2380575v1_genomic,GCA_023805755.1_ASM2380575v1_genomic.fna,linear,20
GCA_023806045.1_ASM2380604v1_genomic,GCA_023806045.1_ASM2380604v1_genomic.fna,linear,20
GCA_023806845.1_ASM2380684v1_genomic,GCA_023806845.1_ASM2380684v1_genomic.fna,linear,20
GCA_023806865.1_ASM2380686v1_genomic,GCA_023806865.1_ASM2380686v1_genomic.fna,linear,20
GCA_023806885.1_ASM2380688v1_genomic,GCA_023806885.1_ASM2380688v1_genomic.fna,linear,20
GCA_023806945.1_ASM2380694v1_genomic,GCA_023806945.1_ASM2380694v1_genomic.fna,linear,20
GCA_023806985.1_ASM2380698v1_genomic,GCA_023806985.1_ASM2380698v1_genomic.fna,linear,20
GCA_023807185.1_ASM2380718v1_genomic,GCA_023807185.1_ASM2380718v1_genomic.fna,linear,20
GCA_023807265.1_ASM2380726v1_genomic,GCA_023807265.1_ASM2380726v1_genomic.fna,linear,20
GCA_023807305.1_ASM2380730v1_genomic,GCA_023807305.1_ASM2380730v1_genomic.fna,linear,20
GCA_023845515.1_StPkA1H1_genomic,GCA_023845515.1_StPkA1H1_genomic.fna,linear,20
GCA_023973825.1_ASM2397382v1_genomic,GCA_023973825.1_ASM2397382v1_genomic.fna,linear,20
GCA_024181965.1_APAL_1.0_genomic,GCA_024181965.1_APAL_1.0_genomic.fna,linear,20
GCA_024211575.1_Pm_CJ26_1.0_genomic,GCA_024211575.1_Pm_CJ26_1.0_genomic.fna,linear,20
GCA_024220525.1_ASM2422052v1_genomic,GCA_024220525.1_ASM2422052v1_genomic.fna,linear,20
GCA_024505685.1_BA788_genomic,GCA_024505685.1_BA788_genomic.fna,linear,20
GCA_024679005.1_ASM2467900v1_genomic,GCA_024679005.1_ASM2467900v1_genomic.fna,linear,20
GCA_024679025.1_ASM2467902v1_genomic,GCA_024679025.1_ASM2467902v1_genomic.fna,linear,20
GCA_024679045.1_ASM2467904v1_genomic,GCA_024679045.1_ASM2467904v1_genomic.fna,linear,20
GCA_024679075.1_ASM2467907v1_genomic,GCA_024679075.1_ASM2467907v1_genomic.fna,linear,20
GCA_024679115.1_ASM2467911v1_genomic,GCA_024679115.1_ASM2467911v1_genomic.fna,linear,20
GCA_024679135.1_ASM2467913v1_genomic,GCA_024679135.1_ASM2467913v1_genomic.fna,linear,20
GCA_024679175.1_ASM2467917v1_genomic,GCA_024679175.1_ASM2467917v1_genomic.fna,linear,20
GCA_024679195.1_ASM2467919v1_genomic,GCA_024679195.1_ASM2467919v1_genomic.fna,linear,20
GCA_024679225.1_ASM2467922v1_genomic,GCA_024679225.1_ASM2467922v1_genomic.fna,linear,20
GCA_024679275.1_ASM2467927v1_genomic,GCA_024679275.1_ASM2467927v1_genomic.fna,linear,20
GCA_024679295.1_ASM2467929v1_genomic,GCA_024679295.1_ASM2467929v1_genomic.fna,linear,20
GCA_024741955.1_ASM2474195v1_genomic,GCA_024741955.1_ASM2474195v1_genomic.fna,linear,20
GCA_024862765.1_Bcaballi_D6B2_v1.0_genomic,GCA_024862765.1_Bcaballi_D6B2_v1.0_genomic.fna,linear,20
GCA_024867545.1_ASM2486754v1_genomic,GCA_024867545.1_ASM2486754v1_genomic.fna,linear,20
GCA_025330925.1_Haplo_1_genomic,GCA_025330925.1_Haplo_1_genomic.fna,linear,20
GCA_025688915.1_ASM2568891v1_genomic,GCA_025688915.1_ASM2568891v1_genomic.fna,linear,20
GCA_026184515.1_PsorP6_UCD_v1_genomic,GCA_026184515.1_PsorP6_UCD_v1_genomic.fna,linear,20
GCA_026262505.1_NYU_TvagG3_2_genomic,GCA_026262505.1_NYU_TvagG3_2_genomic.fna,linear,20
GCA_026419775.1_AKona_v1_genomic,GCA_026419775.1_AKona_v1_genomic.fna,linear,20
GCA_026724335.1_ASM2672433v1_genomic,GCA_026724335.1_ASM2672433v1_genomic.fna,linear,20
GCA_026724375.1_ASM2672437v1_genomic,GCA_026724375.1_ASM2672437v1_genomic.fna,linear,20
GCA_026724395.1_ASM2672439v1_genomic,GCA_026724395.1_ASM2672439v1_genomic.fna,linear,20
GCA_026770025.1_DD_uo2022_genomic,GCA_026770025.1_DD_uo2022_genomic.fna,linear,20
GCA_026770575.1_Pelago2097_1_genomic,GCA_026770575.1_Pelago2097_1_genomic.fna,linear,20
GCA_026770585.1_Crypto2293_1_genomic,GCA_026770585.1_Crypto2293_1_genomic.fna,linear,20
GCA_026770595.1_Ochro2298_1_genomic,GCA_026770595.1_Ochro2298_1_genomic.fna,linear,20
GCA_026770615.1_Pavlov2436_1_genomic,GCA_026770615.1_Pavlov2436_1_genomic.fna,linear,20
GCA_026936335.1_ASM2693633v1_genomic,GCA_026936335.1_ASM2693633v1_genomic.fna,linear,20
GCA_027243985.1_ASM2724398v1_genomic,GCA_027243985.1_ASM2724398v1_genomic.fna,linear,20
GCA_027382585.1_Euplotes_woodruffi_MIC_genomic,GCA_027382585.1_Euplotes_woodruffi_MIC_genomic.fna,linear,20
GCA_027406405.1_ASM2740640v1_genomic,GCA_027406405.1_ASM2740640v1_genomic.fna,linear,20
GCA_027406445.1_ASM2740644v1_genomic,GCA_027406445.1_ASM2740644v1_genomic.fna,linear,20
GCA_027475705.1_ASM2747570v1_genomic,GCA_027475705.1_ASM2747570v1_genomic.fna,linear,20
GCA_027475725.1_ASM2747572v1_genomic,GCA_027475725.1_ASM2747572v1_genomic.fna,linear,20
GCA_027475745.1_ASM2747574v1_genomic,GCA_027475745.1_ASM2747574v1_genomic.fna,linear,20
GCA_027563015.1_ASM2756301v1_genomic,GCA_027563015.1_ASM2756301v1_genomic.fna,linear,20
GCA_027923505.1_Mpse_1.0_genomic,GCA_027923505.1_Mpse_1.0_genomic.fna,linear,20
GCA_027925865.1_Lag_gig_ARSEF373_Annot_genomic,GCA_027925865.1_Lag_gig_ARSEF373_Annot_genomic.fna,linear,20
GCA_027943245.1_ASM2794324v1_genomic,GCA_027943245.1_ASM2794324v1_genomic.fna,linear,20
GCA_027943295.1_ASM2794329v1_genomic,GCA_027943295.1_ASM2794329v1_genomic.fna,linear,20
GCA_027944975.1_ASM2794497v1_genomic,GCA_027944975.1_ASM2794497v1_genomic.fna,linear,20
GCA_027972325.1_PAPYR1.0_genomic,GCA_027972325.1_PAPYR1.0_genomic.fna,linear,20
GCA_028554745.1_ASM2855474v1_genomic,GCA_028554745.1_ASM2855474v1_genomic.fna,linear,20
GCA_028658345.1_Bduncani_v1_genomic,GCA_028658345.1_Bduncani_v1_genomic.fna,linear,20
GCA_028826165.1_ASM2882616v1_genomic,GCA_028826165.1_ASM2882616v1_genomic.fna,linear,20
GCA_028892595.1_DAL_ANA_SC_genomic,GCA_028892595.1_DAL_ANA_SC_genomic.fna,linear,20
GCA_029240965.1_ASM2924096v1_genomic,GCA_029240965.1_ASM2924096v1_genomic.fna,linear,20
GCA_029379255.1_ASM2937925v1_genomic,GCA_029379255.1_ASM2937925v1_genomic.fna,linear,20
GCA_029452305.1_CAASIVF_Hyap_BJ2020_genomic,GCA_029452305.1_CAASIVF_Hyap_BJ2020_genomic.fna,linear,20
GCA_029747635.1_ASM2974763v1_genomic,GCA_029747635.1_ASM2974763v1_genomic.fna,linear,20
GCA_029834535.1_CTAYLR_1.1_genomic,GCA_029834535.1_CTAYLR_1.1_genomic.fna,linear,20
GCA_030078075.1_ASM3007807v1_genomic,GCA_030078075.1_ASM3007807v1_genomic.fna,linear,20
GCA_030141585.1_ASM3014158v1_genomic,GCA_030141585.1_ASM3014158v1_genomic.fna,linear,20
GCA_030159295.1_Ts12B_assembly01_genomic,GCA_030159295.1_Ts12B_assembly01_genomic.fna,linear,20
GCA_030180075.1_Mmack_1.0_genomic,GCA_030180075.1_Mmack_1.0_genomic.fna,linear,20
GCA_030247965.1_Lotpas_C2_genomic,GCA_030247965.1_Lotpas_C2_genomic.fna,linear,20
GCA_030267505.1_TeGR_01_genomic,GCA_030267505.1_TeGR_01_genomic.fna,linear,20
GCA_030267625.1_TrRE_01_genomic,GCA_030267625.1_TrRE_01_genomic.fna,linear,20
GCA_030267725.1_ASM3026772v1_genomic,GCA_030267725.1_ASM3026772v1_genomic.fna,linear,20
GCA_030267785.1_ASM3026778v1_genomic,GCA_030267785.1_ASM3026778v1_genomic.fna,linear,20
GCA_030267805.1_TrLO_01_genomic,GCA_030267805.1_TrLO_01_genomic.fna,linear,20
GCA_030267905.1_TrVE_01_genomic,GCA_030267905.1_TrVE_01_genomic.fna,linear,20
GCA_030267945.1_TrST_01_genomic,GCA_030267945.1_TrST_01_genomic.fna,linear,20
GCA_030267965.1_TrCOL_01_genomic,GCA_030267965.1_TrCOL_01_genomic.fna,linear,20
GCA_030267985.1_ScalyP_01_genomic,GCA_030267985.1_ScalyP_01_genomic.fna,linear,20
GCA_030347455.1_ASM3034745v1_genomic,GCA_030347455.1_ASM3034745v1_genomic.fna,linear,20
GCA_030463285.1_ASM3046328v1_genomic,GCA_030463285.1_ASM3046328v1_genomic.fna,linear,20
GCA_030463445.1_QD_Eaed_01_genomic,GCA_030463445.1_QD_Eaed_01_genomic.fna,linear,20
GCA_030849045.1_OSU_Wrigid_genomic,GCA_030849045.1_OSU_Wrigid_genomic.fna,linear,20
GCA_030849055.1_OSU_Ctherm_genomic,GCA_030849055.1_OSU_Ctherm_genomic.fna,linear,20
GCA_030849065.1_OSU_Jdroso_genomic,GCA_030849065.1_OSU_Jdroso_genomic.fna,linear,20
GCA_030849075.1_OSU_Zcosta_genomic,GCA_030849075.1_OSU_Zcosta_genomic.fna,linear,20
GCA_030849085.1_OSU_Bbarv_genomic,GCA_030849085.1_OSU_Bbarv_genomic.fna,linear,20
GCA_030849525.1_IIZC_BgAZ_1.1_genomic,GCA_030849525.1_IIZC_BgAZ_1.1_genomic.fna,linear,20
GCA_030849605.1_OSU_195SL_genomic,GCA_030849605.1_OSU_195SL_genomic.fna,linear,20
GCA_030849615.1_OSU_Wcollo_genomic,GCA_030849615.1_OSU_Wcollo_genomic.fna,linear,20
GCA_030849625.1_OSU_Trypx_genomic,GCA_030849625.1_OSU_Trypx_genomic.fna,linear,20
GCA_030849635.1_OSU_MBr04_genomic,GCA_030849635.1_OSU_MBr04_genomic.fna,linear,20
GCA_030849645.1_OSU_Wsd_genomic,GCA_030849645.1_OSU_Wsd_genomic.fna,linear,20
GCA_030849675.1_OSU_Tplaty_genomic,GCA_030849675.1_OSU_Tplaty_genomic.fna,linear,20
GCA_030849715.1_OSU_Tmega_genomic,GCA_030849715.1_OSU_Tmega_genomic.fna,linear,20
GCA_030849725.1_OSU_Tboiss_genomic,GCA_030849725.1_OSU_Tboiss_genomic.fna,linear,20
GCA_030849745.1_OSU_Tscelo_genomic,GCA_030849745.1_OSU_Tscelo_genomic.fna,linear,20
GCA_030849755.1_OSU_Tavium_genomic,GCA_030849755.1_OSU_Tavium_genomic.fna,linear,20
GCA_030849805.1_OSU_Spodl_genomic,GCA_030849805.1_OSU_Spodl_genomic.fna,linear,20
GCA_030849815.1_OSU_Vspad_genomic,GCA_030849815.1_OSU_Vspad_genomic.fna,linear,20
GCA_030849825.1_OSU_Htarak_genomic,GCA_030849825.1_OSU_Htarak_genomic.fna,linear,20
GCA_030849835.1_OSU_Hsamu_genomic,GCA_030849835.1_OSU_Hsamu_genomic.fna,linear,20
GCA_030849845.1_OSU_Cbrev_genomic,GCA_030849845.1_OSU_Cbrev_genomic.fna,linear,20
GCA_030871285.1_GU_Smar_1.1.8_genomic,GCA_030871285.1_GU_Smar_1.1.8_genomic.fna,linear,20
GCA_031213475.1_uoNerLuet1.0_genomic,GCA_031213475.1_uoNerLuet1.0_genomic.fna,linear,20
GCA_031305395.1_STE-U-9442_genomic,GCA_031305395.1_STE-U-9442_genomic.fna,linear,20
GCA_031753475.2_E.acer-APU1_APDL.corrected_genomic,GCA_031753475.2_E.acer-APU1_APDL.corrected_genomic.fna,linear,20
GCA_031763025.1_ASM3176302v1_genomic,GCA_031763025.1_ASM3176302v1_genomic.fna,linear,20
GCA_031892065.1_ASM3189206v1_genomic,GCA_031892065.1_ASM3189206v1_genomic.fna,linear,20
GCA_032158285.1_Psan68_V1_genomic,GCA_032158285.1_Psan68_V1_genomic.fna,linear,20
GCA_032270885.1_ASM3227088v1_genomic,GCA_032270885.1_ASM3227088v1_genomic.fna,linear,20
GCA_032273045.1_ASM3227304v1_genomic,GCA_032273045.1_ASM3227304v1_genomic.fna,linear,20
GCA_032273145.1_ASM3227314v1_genomic,GCA_032273145.1_ASM3227314v1_genomic.fna,linear,20
GCA_032273165.1_ASM3227316v1_genomic,GCA_032273165.1_ASM3227316v1_genomic.fna,linear,20
GCA_032358255.1_ASM3235825v1_genomic,GCA_032358255.1_ASM3235825v1_genomic.fna,linear,20
GCA_032358265.1_ASM3235826v1_genomic,GCA_032358265.1_ASM3235826v1_genomic.fna,linear,20
GCA_032358315.1_ASM3235831v1_genomic,GCA_032358315.1_ASM3235831v1_genomic.fna,linear,20
GCA_032432875.1_ASM3243287v1_genomic,GCA_032432875.1_ASM3243287v1_genomic.fna,linear,20
GCA_033042605.1_ASM3304260v1_genomic,GCA_033042605.1_ASM3304260v1_genomic.fna,linear,20
GCA_033064195.1_ASM3306419v1_genomic,GCA_033064195.1_ASM3306419v1_genomic.fna,linear,20
GCA_900002375.2_GCA_900002375_genomic,GCA_900002375.2_GCA_900002375_genomic.fna,linear,20
GCA_900005765.1_PRELSG_genomic,GCA_900005765.1_PRELSG_genomic.fna,linear,20
GCA_900005855.1_PGAL8A_genomic,GCA_900005855.1_PGAL8A_genomic.fna,linear,20
GCA_900088475.1_hypho_2016_genomic,GCA_900088475.1_hypho_2016_genomic.fna,linear,20
GCA_900088545.1_Pow2_genomic,GCA_900088545.1_Pow2_genomic.fna,linear,20
GCA_900088555.1_Poc1_genomic,GCA_900088555.1_Poc1_genomic.fna,linear,20
GCA_900090025.2_PowCR01_genomic,GCA_900090025.2_PowCR01_genomic.fna,linear,20
GCA_900090045.1_PmUG01_genomic,GCA_900090045.1_PmUG01_genomic.fna,linear,20
GCA_900092235.1_ASM90009223v1_genomic,GCA_900092235.1_ASM90009223v1_genomic.fna,linear,20
GCA_900092245.1_ASM90009224v1_genomic,GCA_900092245.1_ASM90009224v1_genomic.fna,linear,20
GCA_900092255.1_ASM90009225v1_genomic,GCA_900092255.1_ASM90009225v1_genomic.fna,linear,20
GCA_900092265.1_ASM90009226v1_genomic,GCA_900092265.1_ASM90009226v1_genomic.fna,linear,20
GCA_900092275.1_ASM90009227v1_genomic,GCA_900092275.1_ASM90009227v1_genomic.fna,linear,20
GCA_900095545.1_PBNK65NY_genomic,GCA_900095545.1_PBNK65NY_genomic.fna,linear,20
GCA_900095595.1_PPRFG01_genomic,GCA_900095595.1_PPRFG01_genomic.fna,linear,20
GCA_900095605.1_PchCB_genomic,GCA_900095605.1_PchCB_genomic.fna,linear,20
GCA_900095625.1_PchDS_genomic,GCA_900095625.1_PchDS_genomic.fna,linear,20
GCA_900097015.1_PADLG01_genomic,GCA_900097015.1_PADLG01_genomic.fna,linear,20
GCA_900097035.1_PBLACG01_genomic,GCA_900097035.1_PBLACG01_genomic.fna,linear,20
GCA_900097045.1_PGABG01_genomic,GCA_900097045.1_PGABG01_genomic.fna,linear,20
GCA_900128395.1_TOSAG23-2_genomic,GCA_900128395.1_TOSAG23-2_genomic.fna,linear,20
GCA_900128565.1_TOSAG23-6_genomic,GCA_900128565.1_TOSAG23-6_genomic.fna,linear,20
GCA_900128575.1_TOSAG41-1_genomic,GCA_900128575.1_TOSAG41-1_genomic.fna,linear,20
GCA_900128585.1_TOSAG23-3_genomic,GCA_900128585.1_TOSAG23-3_genomic.fna,linear,20
GCA_900180395.1_PcyM_genomic,GCA_900180395.1_PcyM_genomic.fna,linear,20
GCA_900240055.1_PGABG02_genomic,GCA_900240055.1_PGABG02_genomic.fna,linear,20
GCA_900240875.1_crithidia-expoeki.GDC.2015.v1_genomic,GCA_900240875.1_crithidia-expoeki.GDC.2015.v1_genomic.fna,linear,20
GCA_900243725.1_Aphanomyces_stellatus_v1_genomic,GCA_900243725.1_Aphanomyces_stellatus_v1_genomic.fna,linear,20
GCA_900291995.1_CCMP470_genomic,GCA_900291995.1_CCMP470_genomic.fna,linear,20
GCA_900404475.1_SSUBK13_genomic,GCA_900404475.1_SSUBK13_genomic.fna,linear,20
GCA_900497135.1_HGAP3_Tb427v9_genomic,GCA_900497135.1_HGAP3_Tb427v9_genomic.fna,linear,20
GCA_900500625.2_LINF_genomic,GCA_900500625.2_LINF_genomic.fna,linear,20
GCA_900617105.1_Hfo_v1_genomic,GCA_900617105.1_Hfo_v1_genomic.fna,linear,20
GCA_900617135.1_PfCD01-2_genomic,GCA_900617135.1_PfCD01-2_genomic.fna,linear,20
GCA_900617805.1_PchV52-2_genomic,GCA_900617805.1_PchV52-2_genomic.fna,linear,20
GCA_900617835.1_Pyk193L-2_genomic,GCA_900617835.1_Pyk193L-2_genomic.fna,linear,20
GCA_900617845.1_Pyy1.1-2_genomic,GCA_900617845.1_Pyy1.1-2_genomic.fna,linear,20
GCA_900642245.1_sac1_genomic,GCA_900642245.1_sac1_genomic.fna,linear,20
GCA_900660405.1_ASM90066040v1_genomic,GCA_900660405.1_ASM90066040v1_genomic.fna,linear,20
GCA_900893395.1_EugGra_PACBIO_Illumina_merge_V1_genomic,GCA_900893395.1_EugGra_PACBIO_Illumina_merge_V1_genomic.fna,linear,20
GCA_902369305.1_Lad_genomic,GCA_902369305.1_Lad_genomic.fna,linear,20
GCA_902369315.1_Lgu_genomic,GCA_902369315.1_Lgu_genomic.fna,linear,20
GCA_902459845.2_HEP1_genomic,GCA_902459845.2_HEP1_genomic.fna,linear,20
GCA_902705575.1_Esub_Assebmy_complete_genomic,GCA_902705575.1_Esub_Assebmy_complete_genomic.fna,linear,20
GCA_902706625.1_Albugo_laibachii_Nc14_genomic,GCA_902706625.1_Albugo_laibachii_Nc14_genomic.fna,linear,20
GCA_902749335.1_PRJEB36491_genomic,GCA_902749335.1_PRJEB36491_genomic.fna,linear,20
GCA_902825245.1_L2-C3_rDNA_genomic,GCA_902825245.1_L2-C3_rDNA_genomic.fna,linear,20
GCA_903772945.1_Semro_V1_genomic,GCA_903772945.1_Semro_V1_genomic.fna,linear,20
GCA_903994205.1_PVBDA_v1_genomic,GCA_903994205.1_PVBDA_v1_genomic.fna,linear,20
GCA_903994225.1_PVLDE_v1_genomic,GCA_903994225.1_PVLDE_v1_genomic.fna,linear,20
GCA_903994265.1_PVSEL_v1_genomic,GCA_903994265.1_PVSEL_v1_genomic.fna,linear,20
GCA_903995115.1_Adeanei_nanopore_chromosomes_genomic,GCA_903995115.1_Adeanei_nanopore_chromosomes_genomic.fna,linear,20
GCA_904066245.1_OTUy.scaffolds_genomic,GCA_904066245.1_OTUy.scaffolds_genomic.fna,linear,20
GCA_904066255.1_OTUx.scaffolds_genomic,GCA_904066255.1_OTUx.scaffolds_genomic.fna,linear,20
GCA_904066265.1_OTUz.scaffolds_genomic,GCA_904066265.1_OTUz.scaffolds_genomic.fna,linear,20
GCA_905133005.1_TF_PacBio_genomic,GCA_905133005.1_TF_PacBio_genomic.fna,linear,20
GCA_905178155.1_a120_v1_genomic,GCA_905178155.1_a120_v1_genomic.fna,linear,20
GCA_905178165.1_a25_v1_genomic,GCA_905178165.1_a25_v1_genomic.fna,linear,20
GCA_905182975.1_Paramecium_primaurelia_V1_genomic,GCA_905182975.1_Paramecium_primaurelia_V1_genomic.fna,linear,20
GCA_905182985.1_Paramecium_sonneborni_V1_genomic,GCA_905182985.1_Paramecium_sonneborni_V1_genomic.fna,linear,20
GCA_905182995.1_Paramecium_octaurelia_V1_genomic,GCA_905182995.1_Paramecium_octaurelia_V1_genomic.fna,linear,20
GCA_905183005.1_Paramecium_pentaurelia_V1_genomic,GCA_905183005.1_Paramecium_pentaurelia_V1_genomic.fna,linear,20
GCA_905221605.1_Snat_CCMP2548_genomic,GCA_905221605.1_Snat_CCMP2548_genomic.fna,linear,20
GCA_905221615.1_Stri_CCMP2592_genomic,GCA_905221615.1_Stri_CCMP2592_genomic.fna,linear,20
GCA_905221625.1_Smic_CassKB8_genomic,GCA_905221625.1_Smic_CassKB8_genomic.fna,linear,20
GCA_905221635.1_Slin_CCMP2456_genomic,GCA_905221635.1_Slin_CCMP2456_genomic.fna,linear,20
GCA_905231905.1_Spil_CCMP2461_genomic,GCA_905231905.1_Spil_CCMP2461_genomic.fna,linear,20
GCA_905231915.1_Snec_CCMP2469_genomic,GCA_905231915.1_Snec_CCMP2469_genomic.fna,linear,20
GCA_905237095.1_Pgla_CCMP2088_genomic,GCA_905237095.1_Pgla_CCMP2088_genomic.fna,linear,20
GCA_905310635.1_pEimTen1.1_genomic,GCA_905310635.1_pEimTen1.1_genomic.fna,linear,20
GCA_914521175.1_Phaeodactylum_tricornutum_genome_assembly_v0.5_genomic,GCA_914521175.1_Phaeodactylum_tricornutum_genome_assembly_v0.5_genomic.fna,linear,20
GCA_914521175.1_Phaeodactylum_tricornutum_genome_assembly_v0.5_genomic.gz.1,GCA_914521175.1_Phaeodactylum_tricornutum_genome_assembly_v0.5_genomic.fna.gz.1,linear,20
GCA_914767885.1_Bstoltei_ATCC30299_MIC_1.0_genomic,GCA_914767885.1_Bstoltei_ATCC30299_MIC_1.0_genomic.fna,linear,20
GCA_916722125.1_LMJFC_annotationDEFINITIVO_genomic,GCA_916722125.1_LMJFC_annotationDEFINITIVO_genomic.fna,linear,20
GCA_917563935.1_Assembly1_genomic,GCA_917563935.1_Assembly1_genomic.fna,linear,20
GCA_918797485.1_CNM_v1_genomic,GCA_918797485.1_CNM_v1_genomic.fna,linear,20
GCA_920618645.1_pbs3_v1_genomic,GCA_920618645.1_pbs3_v1_genomic.fna,linear,20
GCA_920940705.1_pf1_v1_genomic,GCA_920940705.1_pf1_v1_genomic.fna,linear,20
GCA_921007115.1_pm1_v1_genomic,GCA_921007115.1_pm1_v1_genomic.fna,linear,20
GCA_933822405.4_Cyc-CA1.15-REFERENCE-ANNOTATED_genomic,GCA_933822405.4_Cyc-CA1.15-REFERENCE-ANNOTATED_genomic.fna,linear,20
GCA_933822405.4_Cyc-CA1.15-REFERENCE-ANNOTATED_genomic.gz.1,GCA_933822405.4_Cyc-CA1.15-REFERENCE-ANNOTATED_genomic.fna.gz.1,linear,20
GCA_935749445.1_ERR7738585_bin.252_genomic,GCA_935749445.1_ERR7738585_bin.252_genomic.fna,linear,20
GCA_935752815.1_ERR7745403_bin.115_genomic,GCA_935752815.1_ERR7745403_bin.115_genomic.fna,linear,20
GCA_937658345.1_paTetJugo1.1_alternate_haplotype_genomic,GCA_937658345.1_paTetJugo1.1_alternate_haplotype_genomic.fna,linear,20
GCA_937871795.1_ERR868508_bin.30_CONCOCT_v1.1_MAG_genomic,GCA_937871795.1_ERR868508_bin.30_CONCOCT_v1.1_MAG_genomic.fna,linear,20
GCA_937873115.1_ERR912198_bin.19_CONCOCT_v1.1_MAG_genomic,GCA_937873115.1_ERR912198_bin.19_CONCOCT_v1.1_MAG_genomic.fna,linear,20
GCA_944320215.1_BRZ_MM_eukbin32_genomic,GCA_944320215.1_BRZ_MM_eukbin32_genomic.fna,linear,20
GCA_944391175.1_BRZ_BR_eukbin11_genomic,GCA_944391175.1_BRZ_BR_eukbin11_genomic.fna,linear,20
GCA_945788115.1_Cafeteria_burkhardae_strain_ATCC_50561_trnscrptom_genomic,GCA_945788115.1_Cafeteria_burkhardae_strain_ATCC_50561_trnscrptom_genomic.fna,linear,20
GCA_946863485.1_Ecrassus_DP1_MAC_1.0_genomic,GCA_946863485.1_Ecrassus_DP1_MAC_1.0_genomic.fna,linear,20
GCA_946965055.2_uoEpiScrs1.2_alternate_haplotype_genomic,GCA_946965055.2_uoEpiScrs1.2_alternate_haplotype_genomic.fna,linear,20
GCA_947184155.1_Cgoreaui_SCF055-01_genomic,GCA_947184155.1_Cgoreaui_SCF055-01_genomic.fna,linear,20
GCA_947331455.1_pvivPvl01_genomic,GCA_947331455.1_pvivPvl01_genomic.fna,linear,20
GCA_947538825.1_Thlassiosira_assembly_genomic,GCA_947538825.1_Thlassiosira_assembly_genomic.fna,linear,20
GCA_947538835.1_Chrysochromulina_group1_assembly_genomic,GCA_947538835.1_Chrysochromulina_group1_assembly_genomic.fna,linear,20
GCA_947538865.1_BIN1-Cryptophyceae-HRSG-E6-bin-24_genomic,GCA_947538865.1_BIN1-Cryptophyceae-HRSG-E6-bin-24_genomic.fna,linear,20
GCA_947596155.1_Oligohymenophorea_sp._PL0344_genomic,GCA_947596155.1_Oligohymenophorea_sp._PL0344_genomic.fna,linear,20
GCA_947650345.1_Pd1_genomic,GCA_947650345.1_Pd1_genomic.fna,linear,20
GCA_949319695.1_uncultured_ciliate_KLAE2_genomic,GCA_949319695.1_uncultured_ciliate_KLAE2_genomic.fna,linear,20
GCA_949795235.1_Phytophthora_capsici_LT1534.assembly_v1.0_genomic,GCA_949795235.1_Phytophthora_capsici_LT1534.assembly_v1.0_genomic.fna,linear,20
GCA_951393995.1_pyDurOcul1.Nitzschia_sp_1.1_alternate_haplotype_genomic,GCA_951393995.1_pyDurOcul1.Nitzschia_sp_1.1_alternate_haplotype_genomic.fna,linear,20
GCA_951851835.1_Hexamita_inflata_n_2023_05_genomic,GCA_951851835.1_Hexamita_inflata_n_2023_05_genomic.fna,linear,20
GCA_956465555.1_uoNitSpea1.1_genomic,GCA_956465555.1_uoNitSpea1.1_genomic.fna,linear,20
GCA_963210315.1_peRhyEule1.1_genomic,GCA_963210315.1_peRhyEule1.1_genomic.fna,linear,20
GCA_963377175.1_EvRCC1521_genomic,GCA_963377175.1_EvRCC1521_genomic.fna,linear,20
