MN771204.1, human/MN771204.1.fna,linear,10
EU577539.1, human/EU577539.1.fna,linear,10
MW890650.1, human/MW890650.1.fna,linear,10
OD964280.1, human/OD964280.1.fna,linear,10
OK577316.1, human/OK577316.1.fna,linear,10
MW705895.1, human/MW705895.1.fna,linear,10
OY696226.1, human/OY696226.1.fna,linear,10
OV368189.1, human/OV368189.1.fna,linear,10
KY925591.1, human/KY925591.1.fna,linear,10
ON415598.1, human/ON415598.1.fna,linear,10
FJ524337.1, human/FJ524337.1.fna,linear,10
OU590781.1, human/OU590781.1.fna,linear,10
OP607851.1, human/OP607851.1.fna,linear,10
MW911341.1, human/MW911341.1.fna,linear,10
MW275098.1, human/MW275098.1.fna,linear,10
ON121639.1, human/ON121639.1.fna,linear,10
OY092277.1, human/OY092277.1.fna,linear,10
OP803901.2, human/OP803901.2.fna,linear,10
MG670716.1, human/MG670716.1.fna,linear,10
OV504348.1, human/OV504348.1.fna,linear,10
OW783772.1, human/OW783772.1.fna,linear,10
ON130309.1, human/ON130309.1.fna,linear,10
JF933396.1, human/JF933396.1.fna,linear,10
OW814626.1, human/OW814626.1.fna,linear,10
ON609040.1, human/ON609040.1.fna,linear,10
OU287838.1, human/OU287838.1.fna,linear,10
MT741419.1, human/MT741419.1.fna,linear,10
OV920820.1, human/OV920820.1.fna,linear,10
MH172453.1, human/MH172453.1.fna,linear,10
OP264610.1, human/OP264610.1.fna,linear,10
GU071487.1, human/GU071487.1.fna,linear,10
CY172456.1, human/CY172456.1.fna,linear,10
MZ046841.1, human/MZ046841.1.fna,linear,10
OY480526.1, human/OY480526.1.fna,linear,10
KC921074.1, human/KC921074.1.fna,linear,10
OP294744.2, human/OP294744.2.fna,linear,10
MZ810150.1, human/MZ810150.1.fna,linear,10
MW719830.1, human/MW719830.1.fna,linear,10
OU181355.1, human/OU181355.1.fna,linear,10
MZ009923.1, human/MZ009923.1.fna,linear,10
OX750184.1, human/OX750184.1.fna,linear,10
OY641881.1, human/OY641881.1.fna,linear,10
OM193553.1, human/OM193553.1.fna,linear,10
OM754832.1, human/OM754832.1.fna,linear,10
AB623423.1, human/AB623423.1.fna,linear,10
CY188441.1, human/CY188441.1.fna,linear,10
OR418972.1, human/OR418972.1.fna,linear,10
MZ927700.1, human/MZ927700.1.fna,linear,10
OM341667.1, human/OM341667.1.fna,linear,10
OV197602.1, human/OV197602.1.fna,linear,10
OX425461.1, human/OX425461.1.fna,linear,10
OX890464.1, human/OX890464.1.fna,linear,10
OP943988.1, human/OP943988.1.fna,linear,10
MW993730.1, human/MW993730.1.fna,linear,10
OK436352.1, human/OK436352.1.fna,linear,10
LC420598.1, human/LC420598.1.fna,linear,10
MZ759216.1, human/MZ759216.1.fna,linear,10
OY159256.1, human/OY159256.1.fna,linear,10
OP748459.1, human/OP748459.1.fna,linear,10
OK409300.1, human/OK409300.1.fna,linear,10
OK234365.1, human/OK234365.1.fna,linear,10
HQ618895.1, human/HQ618895.1.fna,linear,10
OL757121.1, human/OL757121.1.fna,linear,10
MN569544.1, human/MN569544.1.fna,linear,10
MH599078.1, human/MH599078.1.fna,linear,10
JX129861.1, human/JX129861.1.fna,linear,10
OW059914.1, human/OW059914.1.fna,linear,10
OY244415.1, human/OY244415.1.fna,linear,10
FJ797816.1, human/FJ797816.1.fna,linear,10
MZ841359.1, human/MZ841359.1.fna,linear,10
OM566509.1, human/OM566509.1.fna,linear,10
OL865738.1, human/OL865738.1.fna,linear,10
OW431562.1, human/OW431562.1.fna,linear,10
OX017359.1, human/OX017359.1.fna,linear,10
OY001502.1, human/OY001502.1.fna,linear,10
OQ180733.1, human/OQ180733.1.fna,linear,10
ON438448.1, human/ON438448.1.fna,linear,10
OV017159.1, human/OV017159.1.fna,linear,10
OP992018.1, human/OP992018.1.fna,linear,10
ON775084.1, human/ON775084.1.fna,linear,10
MZ022402.1, human/MZ022402.1.fna,linear,10
OV217845.1, human/OV217845.1.fna,linear,10
OV847257.1, human/OV847257.1.fna,linear,10
OX336086.1, human/OX336086.1.fna,linear,10
OX213155.1, human/OX213155.1.fna,linear,10
MW840793.1, human/MW840793.1.fna,linear,10
DQ323248.1, human/DQ323248.1.fna,linear,10
OX734713.1, human/OX734713.1.fna,linear,10
HQ994260.1, human/HQ994260.1.fna,linear,10
OU179328.1, human/OU179328.1.fna,linear,10
ON926039.1, human/ON926039.1.fna,linear,10
OL645502.1, human/OL645502.1.fna,linear,10
OQ796626.1, human/OQ796626.1.fna,linear,10
MH601497.1, human/MH601497.1.fna,linear,10
OR303142.1, human/OR303142.1.fna,linear,10
OK513712.1, human/OK513712.1.fna,linear,10
MW076484.1, human/MW076484.1.fna,linear,10
OU250463.1, human/OU250463.1.fna,linear,10
OU024739.1, human/OU024739.1.fna,linear,10
OW117935.1, human/OW117935.1.fna,linear,10
MT177672.1, human/MT177672.1.fna,linear,10
OX667154.1, human/OX667154.1.fna,linear,10
OL466019.1, human/OL466019.1.fna,linear,10
OK355084.1, human/OK355084.1.fna,linear,10
KY043884.1, human/KY043884.1.fna,linear,10
OU713455.1, human/OU713455.1.fna,linear,10
OV735691.1, human/OV735691.1.fna,linear,10
OK404562.1, human/OK404562.1.fna,linear,10
OP059180.1, human/OP059180.1.fna,linear,10
OU340054.1, human/OU340054.1.fna,linear,10
OW360933.1, human/OW360933.1.fna,linear,10
MZ602373.1, human/MZ602373.1.fna,linear,10
OA983595.1, human/OA983595.1.fna,linear,10
DQ526304.1, human/DQ526304.1.fna,linear,10
KU709155.1, human/KU709155.1.fna,linear,10
ON761526.1, human/ON761526.1.fna,linear,10
OX199288.1, human/OX199288.1.fna,linear,10
OV916974.1, human/OV916974.1.fna,linear,10
KY869770.1, human/KY869770.1.fna,linear,10
MN801332.1, human/MN801332.1.fna,linear,10
OU276699.1, human/OU276699.1.fna,linear,10
OY060282.1, human/OY060282.1.fna,linear,10
OY439730.1, human/OY439730.1.fna,linear,10
OV181443.1, human/OV181443.1.fna,linear,10
OW456626.1, human/OW456626.1.fna,linear,10
MN552023.1, human/MN552023.1.fna,linear,10
OU385486.1, human/OU385486.1.fna,linear,10
OX269623.1, human/OX269623.1.fna,linear,10
OK406451.1, human/OK406451.1.fna,linear,10
MZ181764.1, human/MZ181764.1.fna,linear,10
OY368617.1, human/OY368617.1.fna,linear,10
OV292762.1, human/OV292762.1.fna,linear,10
OX029831.1, human/OX029831.1.fna,linear,10
OL420279.1, human/OL420279.1.fna,linear,10
MG776211.1, human/MG776211.1.fna,linear,10
MW987196.1, human/MW987196.1.fna,linear,10
GQ303735.1, human/GQ303735.1.fna,linear,10
MN594832.1, human/MN594832.1.fna,linear,10
KJ820164.1, human/KJ820164.1.fna,linear,10
OV945047.1, human/OV945047.1.fna,linear,10
OY530010.1, human/OY530010.1.fna,linear,10
MW060219.1, human/MW060219.1.fna,linear,10
OX274703.1, human/OX274703.1.fna,linear,10
OX897841.1, human/OX897841.1.fna,linear,10
HG994455.1, human/HG994455.1.fna,linear,10
AY002856.1, human/AY002856.1.fna,linear,10
OU865914.1, human/OU865914.1.fna,linear,10
OK320251.1, human/OK320251.1.fna,linear,10
OE995601.1, human/OE995601.1.fna,linear,10
OC996268.1, human/OC996268.1.fna,linear,10
OY767837.1, human/OY767837.1.fna,linear,10
OU617225.1, human/OU617225.1.fna,linear,10
MT119421.1, human/MT119421.1.fna,linear,10
OM250782.1, human/OM250782.1.fna,linear,10
OU363622.1, human/OU363622.1.fna,linear,10
OU978183.1, human/OU978183.1.fna,linear,10
OX562519.1, human/OX562519.1.fna,linear,10
OP999835.1, human/OP999835.1.fna,linear,10
ON219816.1, human/ON219816.1.fna,linear,10
OP523039.1, human/OP523039.1.fna,linear,10
OQ953351.1, human/OQ953351.1.fna,linear,10
MZ998447.1, human/MZ998447.1.fna,linear,10
OU695813.1, human/OU695813.1.fna,linear,10
GU271948.1, human/GU271948.1.fna,linear,10
KP460492.1, human/KP460492.1.fna,linear,10
KC314213.1, human/KC314213.1.fna,linear,10
MW964000.1, human/MW964000.1.fna,linear,10
OP625708.1, human/OP625708.1.fna,linear,10
OU752450.1, human/OU752450.1.fna,linear,10
OQ128127.1, human/OQ128127.1.fna,linear,10
OK530420.1, human/OK530420.1.fna,linear,10
OW795889.1, human/OW795889.1.fna,linear,10
CY175541.1, human/CY175541.1.fna,linear,10
OM048267.1, human/OM048267.1.fna,linear,10
MN085725.1, human/MN085725.1.fna,linear,10
OP929829.1, human/OP929829.1.fna,linear,10
OX968323.1, human/OX968323.1.fna,linear,10
OM312336.1, human/OM312336.1.fna,linear,10
OU601639.1, human/OU601639.1.fna,linear,10
OQ759459.1, human/OQ759459.1.fna,linear,10
MT223995.1, human/MT223995.1.fna,linear,10
OL478943.1, human/OL478943.1.fna,linear,10
KX915790.1, human/KX915790.1.fna,linear,10
OW060731.1, human/OW060731.1.fna,linear,10
GQ507835.1, human/GQ507835.1.fna,linear,10
OR697405.1, human/OR697405.1.fna,linear,10
MN926815.1, human/MN926815.1.fna,linear,10
CY186137.1, human/CY186137.1.fna,linear,10
OQ850571.1, human/OQ850571.1.fna,linear,10
OM119822.1, human/OM119822.1.fna,linear,10
OL987495.1, human/OL987495.1.fna,linear,10
OV912807.1, human/OV912807.1.fna,linear,10
OX662777.1, human/OX662777.1.fna,linear,10
OU555820.1, human/OU555820.1.fna,linear,10
ON085348.1, human/ON085348.1.fna,linear,10
CY236107.1, human/CY236107.1.fna,linear,10
MZ811327.1, human/MZ811327.1.fna,linear,10
KM217648.1, human/KM217648.1.fna,linear,10
KY089291.1, human/KY089291.1.fna,linear,10
OX104419.1, human/OX104419.1.fna,linear,10
OX601883.1, human/OX601883.1.fna,linear,10
AF418396.1, human/AF418396.1.fna,linear,10
OX900988.1, human/OX900988.1.fna,linear,10
ON091762.1, human/ON091762.1.fna,linear,10
EU347510.1, human/EU347510.1.fna,linear,10
OV774116.1, human/OV774116.1.fna,linear,10
OV827050.1, human/OV827050.1.fna,linear,10
OU286607.1, human/OU286607.1.fna,linear,10
MK272451.1, human/MK272451.1.fna,linear,10
OW393717.1, human/OW393717.1.fna,linear,10
OV982458.1, human/OV982458.1.fna,linear,10
OL241688.1, human/OL241688.1.fna,linear,10
AY528042.1, human/AY528042.1.fna,linear,10
OX128843.1, human/OX128843.1.fna,linear,10
AF347587.1, human/AF347587.1.fna,linear,10
OU715646.1, human/OU715646.1.fna,linear,10
MZ350114.1, human/MZ350114.1.fna,linear,10
CY032614.1, human/CY032614.1.fna,linear,10
ON880301.1, human/ON880301.1.fna,linear,10
MZ852997.1, human/MZ852997.1.fna,linear,10
ON663518.1, human/ON663518.1.fna,linear,10
MG776646.1, human/MG776646.1.fna,linear,10
U73364.1, human/U73364.1.fna,linear,10
OP089303.1, human/OP089303.1.fna,linear,10
OW107784.1, human/OW107784.1.fna,linear,10
OP361961.1, human/OP361961.1.fna,linear,10
OR617156.1, human/OR617156.1.fna,linear,10
OY569371.1, human/OY569371.1.fna,linear,10
MN949663.1, human/MN949663.1.fna,linear,10
HQ253414.1, human/HQ253414.1.fna,linear,10
OM657752.1, human/OM657752.1.fna,linear,10
OW852414.1, human/OW852414.1.fna,linear,10
ON802185.1, human/ON802185.1.fna,linear,10
MW904888.1, human/MW904888.1.fna,linear,10
OY585435.1, human/OY585435.1.fna,linear,10
OQ894589.1, human/OQ894589.1.fna,linear,10
OW400631.1, human/OW400631.1.fna,linear,10
GU364247.1, human/GU364247.1.fna,linear,10
MZ965913.1, human/MZ965913.1.fna,linear,10
MH264424.1, human/MH264424.1.fna,linear,10
MK948388.1, human/MK948388.1.fna,linear,10
OP127047.1, human/OP127047.1.fna,linear,10
OV806933.1, human/OV806933.1.fna,linear,10
OX555601.1, human/OX555601.1.fna,linear,10
OW162189.1, human/OW162189.1.fna,linear,10
OQ691101.1, human/OQ691101.1.fna,linear,10
OX221170.1, human/OX221170.1.fna,linear,10
JQ403106.1, human/JQ403106.1.fna,linear,10
OX862226.1, human/OX862226.1.fna,linear,10
OR312128.1, human/OR312128.1.fna,linear,10
EU883827.1, human/EU883827.1.fna,linear,10
KP213076.1, human/KP213076.1.fna,linear,10
OL572665.1, human/OL572665.1.fna,linear,10
KY615407.1, human/KY615407.1.fna,linear,10
OW149084.1, human/OW149084.1.fna,linear,10
OW203284.1, human/OW203284.1.fna,linear,10
ON336538.1, human/ON336538.1.fna,linear,10
OK288469.1, human/OK288469.1.fna,linear,10
OU335029.1, human/OU335029.1.fna,linear,10
MK815323.1, human/MK815323.1.fna,linear,10
CY227689.1, human/CY227689.1.fna,linear,10
OD969460.1, human/OD969460.1.fna,linear,10
FJ591809.1, human/FJ591809.1.fna,linear,10
MZ187798.1, human/MZ187798.1.fna,linear,10
KT370718.1, human/KT370718.1.fna,linear,10
OV205858.1, human/OV205858.1.fna,linear,10
OL389046.1, human/OL389046.1.fna,linear,10
OV677770.1, human/OV677770.1.fna,linear,10
OQ098626.1, human/OQ098626.1.fna,linear,10
OL509714.1, human/OL509714.1.fna,linear,10
MK150557.1, human/MK150557.1.fna,linear,10
OX450119.1, human/OX450119.1.fna,linear,10
OR563226.1, human/OR563226.1.fna,linear,10
OV293001.1, human/OV293001.1.fna,linear,10
ON185840.1, human/ON185840.1.fna,linear,10
ON894533.1, human/ON894533.1.fna,linear,10
OR607295.1, human/OR607295.1.fna,linear,10
OX015185.2, human/OX015185.2.fna,linear,10
OK432245.1, human/OK432245.1.fna,linear,10
EF091087.1, human/EF091087.1.fna,linear,10
OY649858.1, human/OY649858.1.fna,linear,10
MZ307997.1, human/MZ307997.1.fna,linear,10
KU611276.1, human/KU611276.1.fna,linear,10
MF502052.1, human/MF502052.1.fna,linear,10
EU921919.1, human/EU921919.1.fna,linear,10
OM444793.1, human/OM444793.1.fna,linear,10
OU341421.1, human/OU341421.1.fna,linear,10
OL919379.1, human/OL919379.1.fna,linear,10
MW989087.1, human/MW989087.1.fna,linear,10
OL570947.1, human/OL570947.1.fna,linear,10
OU180093.1, human/OU180093.1.fna,linear,10
OM797406.1, human/OM797406.1.fna,linear,10
MN208597.1, human/MN208597.1.fna,linear,10
OU627691.1, human/OU627691.1.fna,linear,10
OR213161.1, human/OR213161.1.fna,linear,10
OM462421.1, human/OM462421.1.fna,linear,10
KP459385.1, human/KP459385.1.fna,linear,10
OV057257.1, human/OV057257.1.fna,linear,10
KF371743.1, human/KF371743.1.fna,linear,10
OW424158.1, human/OW424158.1.fna,linear,10
OV142437.1, human/OV142437.1.fna,linear,10
OY347817.1, human/OY347817.1.fna,linear,10
OX432578.1, human/OX432578.1.fna,linear,10
OX006470.2, human/OX006470.2.fna,linear,10
OU180098.1, human/OU180098.1.fna,linear,10
OU519113.1, human/OU519113.1.fna,linear,10
OU804760.1, human/OU804760.1.fna,linear,10
OU392843.1, human/OU392843.1.fna,linear,10
KC709784.1, human/KC709784.1.fna,linear,10
OQ208086.1, human/OQ208086.1.fna,linear,10
MZ724325.1, human/MZ724325.1.fna,linear,10
OK570705.1, human/OK570705.1.fna,linear,10
OR252175.1, human/OR252175.1.fna,linear,10
OD933779.1, human/OD933779.1.fna,linear,10
OK158329.1, human/OK158329.1.fna,linear,10
OR321501.1, human/OR321501.1.fna,linear,10
OP568869.1, human/OP568869.1.fna,linear,10
MW416252.1, human/MW416252.1.fna,linear,10
OX165747.1, human/OX165747.1.fna,linear,10
MW957993.1, human/MW957993.1.fna,linear,10
OX093426.1, human/OX093426.1.fna,linear,10
OM851827.1, human/OM851827.1.fna,linear,10
OK497892.1, human/OK497892.1.fna,linear,10
OM091017.1, human/OM091017.1.fna,linear,10
OM208089.1, human/OM208089.1.fna,linear,10
OU188429.2, human/OU188429.2.fna,linear,10
HM368250.1, human/HM368250.1.fna,linear,10
OW239655.1, human/OW239655.1.fna,linear,10
ON824438.1, human/ON824438.1.fna,linear,10
OU522594.1, human/OU522594.1.fna,linear,10
MG053139.1, human/MG053139.1.fna,linear,10
OY606976.2, human/OY606976.2.fna,linear,10
LC065020.1, human/LC065020.1.fna,linear,10
EU736498.1, human/EU736498.1.fna,linear,10
MN966262.1, human/MN966262.1.fna,linear,10
OU785949.1, human/OU785949.1.fna,linear,10
KT842586.1, human/KT842586.1.fna,linear,10
OM330395.1, human/OM330395.1.fna,linear,10
OX236575.1, human/OX236575.1.fna,linear,10
OY307313.1, human/OY307313.1.fna,linear,10
OQ516740.1, human/OQ516740.1.fna,linear,10
OM206837.1, human/OM206837.1.fna,linear,10
MF456742.1, human/MF456742.1.fna,linear,10
OM214952.1, human/OM214952.1.fna,linear,10
MT861388.1, human/MT861388.1.fna,linear,10
OV225726.1, human/OV225726.1.fna,linear,10
MZ164170.1, human/MZ164170.1.fna,linear,10
MZ579768.1, human/MZ579768.1.fna,linear,10
MZ319710.1, human/MZ319710.1.fna,linear,10
OP544858.1, human/OP544858.1.fna,linear,10
JQ941886.1, human/JQ941886.1.fna,linear,10
MT163246.1, human/MT163246.1.fna,linear,10
OD978793.1, human/OD978793.1.fna,linear,10
MF594834.1, human/MF594834.1.fna,linear,10
MH585623.1, human/MH585623.1.fna,linear,10
OR458192.1, human/OR458192.1.fna,linear,10
OM081069.1, human/OM081069.1.fna,linear,10
DQ463423.1, human/DQ463423.1.fna,linear,10
MZ377856.1, human/MZ377856.1.fna,linear,10
OW186329.1, human/OW186329.1.fna,linear,10
KY112425.1, human/KY112425.1.fna,linear,10
OM693554.1, human/OM693554.1.fna,linear,10
MW555967.2, human/MW555967.2.fna,linear,10
OM376277.1, human/OM376277.1.fna,linear,10
OM686003.1, human/OM686003.1.fna,linear,10
OR645792.1, human/OR645792.1.fna,linear,10
OU269344.1, human/OU269344.1.fna,linear,10
MH627191.1, human/MH627191.1.fna,linear,10
OK617918.1, human/OK617918.1.fna,linear,10
OU635313.1, human/OU635313.1.fna,linear,10
OW223444.1, human/OW223444.1.fna,linear,10
CY161405.1, human/CY161405.1.fna,linear,10
OQ578439.1, human/OQ578439.1.fna,linear,10
OQ754789.1, human/OQ754789.1.fna,linear,10
ON719664.1, human/ON719664.1.fna,linear,10
OV860531.1, human/OV860531.1.fna,linear,10
OX612989.1, human/OX612989.1.fna,linear,10
OL758868.1, human/OL758868.1.fna,linear,10
AF353763.1, human/AF353763.1.fna,linear,10
OK220833.1, human/OK220833.1.fna,linear,10
MZ506230.1, human/MZ506230.1.fna,linear,10
OW038244.1, human/OW038244.1.fna,linear,10
OY694409.1, human/OY694409.1.fna,linear,10
OV525512.1, human/OV525512.1.fna,linear,10
OK330853.1, human/OK330853.1.fna,linear,10
ON191493.1, human/ON191493.1.fna,linear,10
OY636918.1, human/OY636918.1.fna,linear,10
MH725054.1, human/MH725054.1.fna,linear,10
OL316359.1, human/OL316359.1.fna,linear,10
HW530220.1, human/HW530220.1.fna,linear,10
ON265887.1, human/ON265887.1.fna,linear,10
ON851501.1, human/ON851501.1.fna,linear,10
OU905607.1, human/OU905607.1.fna,linear,10
MZ095239.1, human/MZ095239.1.fna,linear,10
KC124795.1, human/KC124795.1.fna,linear,10
OL466392.1, human/OL466392.1.fna,linear,10
OU300774.1, human/OU300774.1.fna,linear,10
OY750853.1, human/OY750853.1.fna,linear,10
ON275825.1, human/ON275825.1.fna,linear,10
OU820633.1, human/OU820633.1.fna,linear,10
OW832429.1, human/OW832429.1.fna,linear,10
OX995904.1, human/OX995904.1.fna,linear,10
MW807862.1, human/MW807862.1.fna,linear,10
OU698822.1, human/OU698822.1.fna,linear,10
ON568723.1, human/ON568723.1.fna,linear,10
MW349927.1, human/MW349927.1.fna,linear,10
OP086594.1, human/OP086594.1.fna,linear,10
MT589858.1, human/MT589858.1.fna,linear,10
HM115729.1, human/HM115729.1.fna,linear,10
OL644050.1, human/OL644050.1.fna,linear,10
OV912900.1, human/OV912900.1.fna,linear,10
OM510730.1, human/OM510730.1.fna,linear,10
ON001153.1, human/ON001153.1.fna,linear,10
OX429295.1, human/OX429295.1.fna,linear,10
OV337822.1, human/OV337822.1.fna,linear,10
OV604001.1, human/OV604001.1.fna,linear,10
OU778113.1, human/OU778113.1.fna,linear,10
OV797378.1, human/OV797378.1.fna,linear,10
OU084468.1, human/OU084468.1.fna,linear,10
OQ431814.1, human/OQ431814.1.fna,linear,10
OX632162.1, human/OX632162.1.fna,linear,10
OV893310.1, human/OV893310.1.fna,linear,10
MZ710246.1, human/MZ710246.1.fna,linear,10
MK306318.1, human/MK306318.1.fna,linear,10
OD954130.1, human/OD954130.1.fna,linear,10
OX227957.1, human/OX227957.1.fna,linear,10
OX583367.1, human/OX583367.1.fna,linear,10
OY699898.1, human/OY699898.1.fna,linear,10
OP941946.1, human/OP941946.1.fna,linear,10
OW956193.2, human/OW956193.2.fna,linear,10
OY101862.1, human/OY101862.1.fna,linear,10
MN949559.1, human/MN949559.1.fna,linear,10
OW040621.1, human/OW040621.1.fna,linear,10
OX762947.1, human/OX762947.1.fna,linear,10
OW603959.1, human/OW603959.1.fna,linear,10
OQ399853.1, human/OQ399853.1.fna,linear,10
OU141338.1, human/OU141338.1.fna,linear,10
OV202421.1, human/OV202421.1.fna,linear,10
OM762218.1, human/OM762218.1.fna,linear,10
OK617523.1, human/OK617523.1.fna,linear,10
HQ283762.1, human/HQ283762.1.fna,linear,10
OP828429.1, human/OP828429.1.fna,linear,10
ON518575.1, human/ON518575.1.fna,linear,10
LC668754.1, human/LC668754.1.fna,linear,10
KF143402.1, human/KF143402.1.fna,linear,10
ON130876.1, human/ON130876.1.fna,linear,10
OL241388.1, human/OL241388.1.fna,linear,10
KC169055.1, human/KC169055.1.fna,linear,10
OU475064.1, human/OU475064.1.fna,linear,10
DQ121738.1, human/DQ121738.1.fna,linear,10
OM731062.1, human/OM731062.1.fna,linear,10
MZ021226.1, human/MZ021226.1.fna,linear,10
OD941479.1, human/OD941479.1.fna,linear,10
MK605673.1, human/MK605673.1.fna,linear,10
OX173534.1, human/OX173534.1.fna,linear,10
OR466241.1, human/OR466241.1.fna,linear,10
OV798978.1, human/OV798978.1.fna,linear,10
AY032162.1, human/AY032162.1.fna,linear,10
OW324623.1, human/OW324623.1.fna,linear,10
OP754186.1, human/OP754186.1.fna,linear,10
OM986506.1, human/OM986506.1.fna,linear,10
OX919956.1, human/OX919956.1.fna,linear,10
MZ033374.1, human/MZ033374.1.fna,linear,10
OX672763.1, human/OX672763.1.fna,linear,10
OA980186.1, human/OA980186.1.fna,linear,10
KR861133.1, human/KR861133.1.fna,linear,10
MK931749.1, human/MK931749.1.fna,linear,10
OK097516.1, human/OK097516.1.fna,linear,10
MZ012446.1, human/MZ012446.1.fna,linear,10
FM210246.2, human/FM210246.2.fna,linear,10
OV487619.1, human/OV487619.1.fna,linear,10
OL459001.1, human/OL459001.1.fna,linear,10
JF267464.1, human/JF267464.1.fna,linear,10
MH294782.1, human/MH294782.1.fna,linear,10
OQ641954.1, human/OQ641954.1.fna,linear,10
AF032564.1, human/AF032564.1.fna,linear,10
OK476118.1, human/OK476118.1.fna,linear,10
OY114925.1, human/OY114925.1.fna,linear,10
OY276930.1, human/OY276930.1.fna,linear,10
MF037331.1, human/MF037331.1.fna,linear,10
OY143665.1, human/OY143665.1.fna,linear,10
OV545087.1, human/OV545087.1.fna,linear,10
OX160125.1, human/OX160125.1.fna,linear,10
OV192786.1, human/OV192786.1.fna,linear,10
OW177228.1, human/OW177228.1.fna,linear,10
OM766690.1, human/OM766690.1.fna,linear,10
OX571864.1, human/OX571864.1.fna,linear,10
JQ766143.1, human/JQ766143.1.fna,linear,10
OU218226.1, human/OU218226.1.fna,linear,10
MZ915499.1, human/MZ915499.1.fna,linear,10
OQ663735.1, human/OQ663735.1.fna,linear,10
OR561173.1, human/OR561173.1.fna,linear,10
OK650250.1, human/OK650250.1.fna,linear,10
OK466926.1, human/OK466926.1.fna,linear,10
OM325480.1, human/OM325480.1.fna,linear,10
OR317000.1, human/OR317000.1.fna,linear,10
EU166635.1, human/EU166635.1.fna,linear,10
OW395082.1, human/OW395082.1.fna,linear,10
MH706119.1, human/MH706119.1.fna,linear,10
OX196693.1, human/OX196693.1.fna,linear,10
OX071592.1, human/OX071592.1.fna,linear,10
DQ880578.1, human/DQ880578.1.fna,linear,10
OD970310.1, human/OD970310.1.fna,linear,10
OU691185.1, human/OU691185.1.fna,linear,10
OY096976.1, human/OY096976.1.fna,linear,10
OM498211.1, human/OM498211.1.fna,linear,10
AY359979.1, human/AY359979.1.fna,linear,10
OW620372.1, human/OW620372.1.fna,linear,10
ON302149.1, human/ON302149.1.fna,linear,10
OU703776.1, human/OU703776.1.fna,linear,10
KM050679.1, human/KM050679.1.fna,linear,10
MZ390570.1, human/MZ390570.1.fna,linear,10
OW130699.1, human/OW130699.1.fna,linear,10
OU205027.1, human/OU205027.1.fna,linear,10
ON576431.1, human/ON576431.1.fna,linear,10
OW165549.1, human/OW165549.1.fna,linear,10
OV424266.1, human/OV424266.1.fna,linear,10
OY080210.1, human/OY080210.1.fna,linear,10
OV321551.1, human/OV321551.1.fna,linear,10
OV058195.1, human/OV058195.1.fna,linear,10
MT674415.1, human/MT674415.1.fna,linear,10
MZ432531.1, human/MZ432531.1.fna,linear,10
KM370172.1, human/KM370172.1.fna,linear,10
OX774893.1, human/OX774893.1.fna,linear,10
MZ274564.1, human/MZ274564.1.fna,linear,10
OW025271.1, human/OW025271.1.fna,linear,10
OK226075.1, human/OK226075.1.fna,linear,10
OV062125.1, human/OV062125.1.fna,linear,10
OW498168.1, human/OW498168.1.fna,linear,10
OV301430.1, human/OV301430.1.fna,linear,10
OQ728621.1, human/OQ728621.1.fna,linear,10
OX911706.1, human/OX911706.1.fna,linear,10
OK002612.1, human/OK002612.1.fna,linear,10
MW957773.1, human/MW957773.1.fna,linear,10
OY079366.1, human/OY079366.1.fna,linear,10
OW546552.1, human/OW546552.1.fna,linear,10
OK290730.1, human/OK290730.1.fna,linear,10
OM152853.1, human/OM152853.1.fna,linear,10
OM035363.1, human/OM035363.1.fna,linear,10
OQ800815.1, human/OQ800815.1.fna,linear,10
KP637401.1, human/KP637401.1.fna,linear,10
OR214148.1, human/OR214148.1.fna,linear,10
OU039575.1, human/OU039575.1.fna,linear,10
KT864589.1, human/KT864589.1.fna,linear,10
MW720703.1, human/MW720703.1.fna,linear,10
OY465336.1, human/OY465336.1.fna,linear,10
OW998736.2, human/OW998736.2.fna,linear,10
MZ028584.1, human/MZ028584.1.fna,linear,10
OX959277.1, human/OX959277.1.fna,linear,10
JN591410.1, human/JN591410.1.fna,linear,10
OM913949.1, human/OM913949.1.fna,linear,10
OQ113388.1, human/OQ113388.1.fna,linear,10
KT274526.1, human/KT274526.1.fna,linear,10
MZ238933.1, human/MZ238933.1.fna,linear,10
OU109246.1, human/OU109246.1.fna,linear,10
MZ961884.1, human/MZ961884.1.fna,linear,10
OL638425.1, human/OL638425.1.fna,linear,10
KM355698.1, human/KM355698.1.fna,linear,10
MT750064.1, human/MT750064.1.fna,linear,10
OL719678.1, human/OL719678.1.fna,linear,10
AF535477.1, human/AF535477.1.fna,linear,10
OW856337.1, human/OW856337.1.fna,linear,10
OM831216.1, human/OM831216.1.fna,linear,10
OR582199.1, human/OR582199.1.fna,linear,10
OW141483.1, human/OW141483.1.fna,linear,10
OW133072.1, human/OW133072.1.fna,linear,10
ON541447.1, human/ON541447.1.fna,linear,10
OP469114.1, human/OP469114.1.fna,linear,10
OU635405.1, human/OU635405.1.fna,linear,10
OP649000.1, human/OP649000.1.fna,linear,10
ON143450.1, human/ON143450.1.fna,linear,10
MH133306.1, human/MH133306.1.fna,linear,10
OY252596.1, human/OY252596.1.fna,linear,10
OQ638398.1, human/OQ638398.1.fna,linear,10
ON297263.1, human/ON297263.1.fna,linear,10
OP671677.1, human/OP671677.1.fna,linear,10
OU447687.1, human/OU447687.1.fna,linear,10
MW735922.1, human/MW735922.1.fna,linear,10
OK277478.1, human/OK277478.1.fna,linear,10
CY230850.1, human/CY230850.1.fna,linear,10
OR093991.1, human/OR093991.1.fna,linear,10
MK181721.1, human/MK181721.1.fna,linear,10
OV834784.2, human/OV834784.2.fna,linear,10
ON744693.1, human/ON744693.1.fna,linear,10
OX059883.1, human/OX059883.1.fna,linear,10
OW266249.1, human/OW266249.1.fna,linear,10
OX964954.1, human/OX964954.1.fna,linear,10
OU827264.1, human/OU827264.1.fna,linear,10
OV492888.1, human/OV492888.1.fna,linear,10
KY184822.1, human/KY184822.1.fna,linear,10
OK307220.1, human/OK307220.1.fna,linear,10
OW726017.1, human/OW726017.1.fna,linear,10
OU033314.1, human/OU033314.1.fna,linear,10
JF490987.1, human/JF490987.1.fna,linear,10
MG747534.1, human/MG747534.1.fna,linear,10
MK736371.1, human/MK736371.1.fna,linear,10
KM208934.1, human/KM208934.1.fna,linear,10
OP200230.1, human/OP200230.1.fna,linear,10
MN773001.1, human/MN773001.1.fna,linear,10
KC344616.1, human/KC344616.1.fna,linear,10
OP679556.1, human/OP679556.1.fna,linear,10
MF115948.1, human/MF115948.1.fna,linear,10
OV450614.1, human/OV450614.1.fna,linear,10
OM917362.1, human/OM917362.1.fna,linear,10
MN911753.1, human/MN911753.1.fna,linear,10
ON515421.1, human/ON515421.1.fna,linear,10
ON189456.1, human/ON189456.1.fna,linear,10
OW224337.1, human/OW224337.1.fna,linear,10
OX636059.1, human/OX636059.1.fna,linear,10
OK183476.1, human/OK183476.1.fna,linear,10
OM767260.1, human/OM767260.1.fna,linear,10
MZ061255.1, human/MZ061255.1.fna,linear,10
OU514521.1, human/OU514521.1.fna,linear,10
OX733191.1, human/OX733191.1.fna,linear,10
OX516278.1, human/OX516278.1.fna,linear,10
OA978676.1, human/OA978676.1.fna,linear,10
OW907648.1, human/OW907648.1.fna,linear,10
OW228993.1, human/OW228993.1.fna,linear,10
OW379280.1, human/OW379280.1.fna,linear,10
MN978505.1, human/MN978505.1.fna,linear,10
OV097958.1, human/OV097958.1.fna,linear,10
OV688688.1, human/OV688688.1.fna,linear,10
OL759791.1, human/OL759791.1.fna,linear,10
OK004524.1, human/OK004524.1.fna,linear,10
OR217486.1, human/OR217486.1.fna,linear,10
OK220571.1, human/OK220571.1.fna,linear,10
MW767261.1, human/MW767261.1.fna,linear,10
OV614310.1, human/OV614310.1.fna,linear,10
OY266581.1, human/OY266581.1.fna,linear,10
ON952314.1, human/ON952314.1.fna,linear,10
OU329234.1, human/OU329234.1.fna,linear,10
OM120782.1, human/OM120782.1.fna,linear,10
OU917375.1, human/OU917375.1.fna,linear,10
AB864451.1, human/AB864451.1.fna,linear,10
OP977962.1, human/OP977962.1.fna,linear,10
OQ662801.1, human/OQ662801.1.fna,linear,10
ON797374.1, human/ON797374.1.fna,linear,10
OW644377.1, human/OW644377.1.fna,linear,10
OU442201.1, human/OU442201.1.fna,linear,10
OW305176.1, human/OW305176.1.fna,linear,10
CY254483.1, human/CY254483.1.fna,linear,10
OX630128.1, human/OX630128.1.fna,linear,10
OX457321.1, human/OX457321.1.fna,linear,10
OU698050.1, human/OU698050.1.fna,linear,10
MZ717078.1, human/MZ717078.1.fna,linear,10
OW303833.1, human/OW303833.1.fna,linear,10
OP140959.1, human/OP140959.1.fna,linear,10
OX184656.1, human/OX184656.1.fna,linear,10
OW772811.1, human/OW772811.1.fna,linear,10
OX210176.1, human/OX210176.1.fna,linear,10
OX528356.1, human/OX528356.1.fna,linear,10
OK455882.1, human/OK455882.1.fna,linear,10
KT839515.1, human/KT839515.1.fna,linear,10
OU795430.1, human/OU795430.1.fna,linear,10
OR039510.1, human/OR039510.1.fna,linear,10
OU898948.1, human/OU898948.1.fna,linear,10
KY870626.1, human/KY870626.1.fna,linear,10
MZ780724.1, human/MZ780724.1.fna,linear,10
MZ412330.1, human/MZ412330.1.fna,linear,10
ON402774.1, human/ON402774.1.fna,circular,10
JN100663.1, human/JN100663.1.fna,linear,10
OU416026.1, human/OU416026.1.fna,linear,10
OV148452.1, human/OV148452.1.fna,linear,10
OQ372533.1, human/OQ372533.1.fna,linear,10
KT229295.1, human/KT229295.1.fna,linear,10
OU015135.1, human/OU015135.1.fna,linear,10
JN100275.1, human/JN100275.1.fna,linear,10
JF801895.1, human/JF801895.1.fna,linear,10
ON498542.1, human/ON498542.1.fna,linear,10
OD937503.1, human/OD937503.1.fna,linear,10
OX842473.1, human/OX842473.1.fna,linear,10
MW341769.1, human/MW341769.1.fna,linear,10
FJ215854.1, human/FJ215854.1.fna,linear,10
OW497257.1, human/OW497257.1.fna,linear,10
OU923736.1, human/OU923736.1.fna,linear,10
MZ283542.1, human/MZ283542.1.fna,linear,10
ON665409.1, human/ON665409.1.fna,linear,10
OY065770.1, human/OY065770.1.fna,linear,10
OU413818.1, human/OU413818.1.fna,linear,10
OQ752054.1, human/OQ752054.1.fna,linear,10
OP457091.1, human/OP457091.1.fna,linear,10
OV424177.1, human/OV424177.1.fna,linear,10
FJ691618.1, human/FJ691618.1.fna,linear,10
BS002091.1, human/BS002091.1.fna,linear,10
JX863761.1, human/JX863761.1.fna,linear,10
OM134089.1, human/OM134089.1.fna,linear,10
MH557775.1, human/MH557775.1.fna,linear,10
OY493623.1, human/OY493623.1.fna,linear,10
OY143985.1, human/OY143985.1.fna,linear,10
MZ163873.1, human/MZ163873.1.fna,linear,10
MH604879.1, human/MH604879.1.fna,linear,10
OX389201.1, human/OX389201.1.fna,linear,10
OY669450.1, human/OY669450.1.fna,linear,10
OY583629.1, human/OY583629.1.fna,linear,10
OW827174.1, human/OW827174.1.fna,linear,10
ON139241.1, human/ON139241.1.fna,linear,10
MW979341.1, human/MW979341.1.fna,linear,10
OL503431.1, human/OL503431.1.fna,linear,10
OX612348.1, human/OX612348.1.fna,linear,10
OM079905.1, human/OM079905.1.fna,linear,10
OY244109.1, human/OY244109.1.fna,linear,10
OM820673.1, human/OM820673.1.fna,linear,10
OW133423.1, human/OW133423.1.fna,linear,10
OP286521.1, human/OP286521.1.fna,linear,10
OL778056.1, human/OL778056.1.fna,linear,10
MN947950.1, human/MN947950.1.fna,linear,10
OK567085.1, human/OK567085.1.fna,linear,10
KJ162359.1, human/KJ162359.1.fna,linear,10
GQ206579.1, human/GQ206579.1.fna,linear,10
MZ999918.1, human/MZ999918.1.fna,linear,10
OQ971003.1, human/OQ971003.1.fna,linear,10
OR216134.1, human/OR216134.1.fna,linear,10
ON530024.1, human/ON530024.1.fna,linear,10
OP127203.1, human/OP127203.1.fna,linear,10
OQ587312.1, human/OQ587312.1.fna,linear,10
OW773469.1, human/OW773469.1.fna,linear,10
OV686949.1, human/OV686949.1.fna,linear,10
OW695147.1, human/OW695147.1.fna,linear,10
OQ138124.1, human/OQ138124.1.fna,linear,10
OK645324.1, human/OK645324.1.fna,linear,10
KY322460.1, human/KY322460.1.fna,linear,10
MW990375.1, human/MW990375.1.fna,linear,10
OQ226116.1, human/OQ226116.1.fna,linear,10
OX121041.1, human/OX121041.1.fna,linear,10
OV449559.1, human/OV449559.1.fna,linear,10
OU072782.1, human/OU072782.1.fna,linear,10
KY185785.1, human/KY185785.1.fna,linear,10
OY111826.1, human/OY111826.1.fna,linear,10
KC167098.1, human/KC167098.1.fna,linear,10
ON311495.1, human/ON311495.1.fna,linear,10
FR999186.1, human/FR999186.1.fna,linear,10
MW564839.1, human/MW564839.1.fna,linear,10
OW115737.1, human/OW115737.1.fna,linear,10
OY312547.1, human/OY312547.1.fna,linear,10
OP911251.1, human/OP911251.1.fna,linear,10
OP194785.1, human/OP194785.1.fna,linear,10
OM272738.1, human/OM272738.1.fna,linear,10
KY558165.1, human/KY558165.1.fna,linear,10
ON290821.1, human/ON290821.1.fna,linear,10
OU193544.2, human/OU193544.2.fna,linear,10
ON487257.1, human/ON487257.1.fna,linear,10
HM011540.1, human/HM011540.1.fna,circular,10
OU803105.1, human/OU803105.1.fna,linear,10
LC433809.1, human/LC433809.1.fna,linear,10
CY169859.1, human/CY169859.1.fna,linear,10
OQ208596.1, human/OQ208596.1.fna,linear,10
OY388500.1, human/OY388500.1.fna,linear,10
OW684903.1, human/OW684903.1.fna,linear,10
ON431716.1, human/ON431716.1.fna,linear,10
OX871799.1, human/OX871799.1.fna,linear,10
OY233662.1, human/OY233662.1.fna,linear,10
OW479457.1, human/OW479457.1.fna,linear,10
OU987805.1, human/OU987805.1.fna,linear,10
OQ277683.1, human/OQ277683.1.fna,linear,10
HQ253342.1, human/HQ253342.1.fna,linear,10
OY050047.1, human/OY050047.1.fna,linear,10
MN509835.2, human/MN509835.2.fna,linear,10
OX411940.1, human/OX411940.1.fna,linear,10
OX813592.1, human/OX813592.1.fna,linear,10
OW265244.1, human/OW265244.1.fna,linear,10
OY794321.1, human/OY794321.1.fna,linear,10
ON132007.1, human/ON132007.1.fna,linear,10
OM189861.1, human/OM189861.1.fna,linear,10
KM046936.1, human/KM046936.1.fna,linear,10
OM893418.1, human/OM893418.1.fna,linear,10
OD971620.1, human/OD971620.1.fna,linear,10
KJ452239.1, human/KJ452239.1.fna,linear,10
OM337322.1, human/OM337322.1.fna,linear,10
OW244837.1, human/OW244837.1.fna,linear,10
OW164858.1, human/OW164858.1.fna,linear,10
OP984299.1, human/OP984299.1.fna,linear,10
JF958044.1, human/JF958044.1.fna,linear,10
MN417975.1, human/MN417975.1.fna,linear,10
ON937153.1, human/ON937153.1.fna,linear,10
OU466996.1, human/OU466996.1.fna,linear,10
OY061468.1, human/OY061468.1.fna,linear,10
OW739231.1, human/OW739231.1.fna,linear,10
KT284637.1, human/KT284637.1.fna,linear,10
OX492643.1, human/OX492643.1.fna,linear,10
OV458348.1, human/OV458348.1.fna,linear,10
OW369987.1, human/OW369987.1.fna,linear,10
OX134290.1, human/OX134290.1.fna,linear,10
OW085465.1, human/OW085465.1.fna,linear,10
OQ257609.1, human/OQ257609.1.fna,linear,10
KX918449.1, human/KX918449.1.fna,linear,10
ON597094.1, human/ON597094.1.fna,linear,10
OU679517.1, human/OU679517.1.fna,linear,10
OU858591.1, human/OU858591.1.fna,linear,10
OL715024.1, human/OL715024.1.fna,linear,10
MT436187.1, human/MT436187.1.fna,linear,10
OW253976.1, human/OW253976.1.fna,linear,10
OU980163.1, human/OU980163.1.fna,linear,10
OV624003.1, human/OV624003.1.fna,linear,10
OP213815.1, human/OP213815.1.fna,linear,10
OY468241.1, human/OY468241.1.fna,linear,10
GU265123.1, human/GU265123.1.fna,linear,10
OK342484.1, human/OK342484.1.fna,linear,10
JN903617.1, human/JN903617.1.fna,linear,10
OU069982.1, human/OU069982.1.fna,linear,10
JQ269135.1, human/JQ269135.1.fna,linear,10
OY712874.1, human/OY712874.1.fna,linear,10
MZ037184.1, human/MZ037184.1.fna,linear,10
OV000514.1, human/OV000514.1.fna,linear,10
KF922040.1, human/KF922040.1.fna,linear,10
MW640113.1, human/MW640113.1.fna,linear,10
OX803046.1, human/OX803046.1.fna,linear,10
AF425951.1, human/AF425951.1.fna,linear,10
MG737046.1, human/MG737046.1.fna,linear,10
OQ256826.1, human/OQ256826.1.fna,linear,10
OV689338.1, human/OV689338.1.fna,linear,10
JX147353.1, human/JX147353.1.fna,linear,10
MZ714689.1, human/MZ714689.1.fna,linear,10
KX112258.1, human/KX112258.1.fna,linear,10
OW655580.1, human/OW655580.1.fna,linear,10
OQ195067.1, human/OQ195067.1.fna,linear,10
OM009343.1, human/OM009343.1.fna,linear,10
OK027211.1, human/OK027211.1.fna,linear,10
OV471788.1, human/OV471788.1.fna,linear,10
ON000531.1, human/ON000531.1.fna,linear,10
OU518290.1, human/OU518290.1.fna,linear,10
OR325400.1, human/OR325400.1.fna,linear,10
OD966417.1, human/OD966417.1.fna,linear,10
MZ714811.1, human/MZ714811.1.fna,linear,10
OP098112.1, human/OP098112.1.fna,linear,10
OW368419.1, human/OW368419.1.fna,linear,10
OU614471.1, human/OU614471.1.fna,linear,10
OU771303.1, human/OU771303.1.fna,linear,10
OV447644.1, human/OV447644.1.fna,linear,10
OL851413.1, human/OL851413.1.fna,linear,10
OP606278.1, human/OP606278.1.fna,linear,10
OV125875.1, human/OV125875.1.fna,linear,10
OU124919.1, human/OU124919.1.fna,linear,10
OV312406.1, human/OV312406.1.fna,linear,10
OU578128.2, human/OU578128.2.fna,linear,10
OL751190.1, human/OL751190.1.fna,linear,10
OY106675.1, human/OY106675.1.fna,linear,10
MW732874.1, human/MW732874.1.fna,linear,10
OU398398.1, human/OU398398.1.fna,linear,10
OP489899.1, human/OP489899.1.fna,linear,10
OR696200.1, human/OR696200.1.fna,linear,10
OU239123.1, human/OU239123.1.fna,linear,10
OX591684.1, human/OX591684.1.fna,linear,10
OR302242.1, human/OR302242.1.fna,linear,10
OU239639.1, human/OU239639.1.fna,linear,10
OM717357.1, human/OM717357.1.fna,linear,10
FJ199218.1, human/FJ199218.1.fna,linear,10
MT751326.1, human/MT751326.1.fna,linear,10
OQ755334.1, human/OQ755334.1.fna,linear,10
OV662985.2, human/OV662985.2.fna,linear,10
OW454347.1, human/OW454347.1.fna,linear,10
MZ074720.1, human/MZ074720.1.fna,linear,10
OY407973.1, human/OY407973.1.fna,linear,10
OU110467.1, human/OU110467.1.fna,linear,10
OW602201.1, human/OW602201.1.fna,linear,10
MZ280524.1, human/MZ280524.1.fna,linear,10
OW469639.1, human/OW469639.1.fna,linear,10
OL345994.1, human/OL345994.1.fna,linear,10
OW993097.1, human/OW993097.1.fna,linear,10
OM200649.1, human/OM200649.1.fna,linear,10
OV763631.1, human/OV763631.1.fna,linear,10
OX013764.1, human/OX013764.1.fna,linear,10
OU357177.1, human/OU357177.1.fna,linear,10
OY459565.1, human/OY459565.1.fna,linear,10
MH300266.1, human/MH300266.1.fna,linear,10
OY446714.1, human/OY446714.1.fna,linear,10
ON223098.1, human/ON223098.1.fna,linear,10
OQ088778.1, human/OQ088778.1.fna,linear,10
OM012439.1, human/OM012439.1.fna,linear,10
OP553601.1, human/OP553601.1.fna,linear,10
ON437979.1, human/ON437979.1.fna,linear,10
OU043086.2, human/OU043086.2.fna,linear,10
MT059914.1, human/MT059914.1.fna,linear,10
OW903770.1, human/OW903770.1.fna,linear,10
OX422867.1, human/OX422867.1.fna,linear,10
OY788602.1, human/OY788602.1.fna,linear,10
OK468184.1, human/OK468184.1.fna,linear,10
OV534527.1, human/OV534527.1.fna,linear,10
OD987992.1, human/OD987992.1.fna,linear,10
OL719839.1, human/OL719839.1.fna,linear,10
OB989717.1, human/OB989717.1.fna,linear,10
OU731262.1, human/OU731262.1.fna,linear,10
JN157557.1, human/JN157557.1.fna,linear,10
OM408883.1, human/OM408883.1.fna,linear,10
ON939843.1, human/ON939843.1.fna,linear,10
OU711040.1, human/OU711040.1.fna,linear,10
OQ665470.1, human/OQ665470.1.fna,linear,10
OU143533.1, human/OU143533.1.fna,linear,10
OM085399.1, human/OM085399.1.fna,linear,10
OW336524.1, human/OW336524.1.fna,linear,10
OV044224.1, human/OV044224.1.fna,linear,10
KT752481.1, human/KT752481.1.fna,linear,10
OV537954.1, human/OV537954.1.fna,linear,10
OW849570.1, human/OW849570.1.fna,linear,10
MW178403.1, human/MW178403.1.fna,linear,10
OX180885.2, human/OX180885.2.fna,linear,10
OW273352.1, human/OW273352.1.fna,linear,10
OX397376.1, human/OX397376.1.fna,linear,10
AY677480.1, human/AY677480.1.fna,linear,10
OW273233.1, human/OW273233.1.fna,linear,10
OK228442.1, human/OK228442.1.fna,linear,10
CY225171.1, human/CY225171.1.fna,linear,10
OU228497.1, human/OU228497.1.fna,linear,10
OU181773.1, human/OU181773.1.fna,linear,10
ON189462.1, human/ON189462.1.fna,linear,10
OU733626.1, human/OU733626.1.fna,linear,10
OV648715.1, human/OV648715.1.fna,linear,10
MK857400.1, human/MK857400.1.fna,linear,10
OY512813.1, human/OY512813.1.fna,linear,10
OL332478.1, human/OL332478.1.fna,linear,10
MN302057.1, human/MN302057.1.fna,linear,10
OW532553.1, human/OW532553.1.fna,linear,10
OR044287.1, human/OR044287.1.fna,linear,10
OX068486.1, human/OX068486.1.fna,linear,10
OW493418.1, human/OW493418.1.fna,linear,10
OX447118.1, human/OX447118.1.fna,linear,10
MN768128.1, human/MN768128.1.fna,linear,10
OM715622.1, human/OM715622.1.fna,linear,10
OP402884.1, human/OP402884.1.fna,linear,10
OX203649.1, human/OX203649.1.fna,linear,10
OM214851.1, human/OM214851.1.fna,linear,10
OM902838.1, human/OM902838.1.fna,linear,10
OM659553.1, human/OM659553.1.fna,linear,10
OX601287.1, human/OX601287.1.fna,linear,10
OX275960.1, human/OX275960.1.fna,linear,10
OU464955.1, human/OU464955.1.fna,linear,10
OL758402.1, human/OL758402.1.fna,linear,10
OM788792.1, human/OM788792.1.fna,linear,10
OY055971.1, human/OY055971.1.fna,linear,10
OV715502.1, human/OV715502.1.fna,linear,10
AF247879.1, human/AF247879.1.fna,linear,10
ON300896.1, human/ON300896.1.fna,linear,10
ON032266.1, human/ON032266.1.fna,linear,10
OY005565.1, human/OY005565.1.fna,linear,10
OK383035.1, human/OK383035.1.fna,linear,10
KY180906.1, human/KY180906.1.fna,linear,10
LR861836.1, human/LR861836.1.fna,circular,10
OW718359.1, human/OW718359.1.fna,linear,10
OP150827.1, human/OP150827.1.fna,linear,10
OP126404.1, human/OP126404.1.fna,linear,10
MH801762.1, human/MH801762.1.fna,linear,10
OV990265.1, human/OV990265.1.fna,linear,10
OK390347.1, human/OK390347.1.fna,linear,10
OL382042.1, human/OL382042.1.fna,linear,10
OU987183.1, human/OU987183.1.fna,linear,10
OK574875.1, human/OK574875.1.fna,linear,10
OP944876.1, human/OP944876.1.fna,linear,10
OW582615.1, human/OW582615.1.fna,linear,10
CY064765.1, human/CY064765.1.fna,linear,10
ON557776.1, human/ON557776.1.fna,linear,10
OY288841.1, human/OY288841.1.fna,linear,10
OL708956.1, human/OL708956.1.fna,linear,10
OW636733.1, human/OW636733.1.fna,linear,10
OL860546.1, human/OL860546.1.fna,linear,10
OU249116.1, human/OU249116.1.fna,linear,10
OU698365.1, human/OU698365.1.fna,linear,10
OM923937.1, human/OM923937.1.fna,linear,10
OW262300.1, human/OW262300.1.fna,linear,10
OV219495.1, human/OV219495.1.fna,linear,10
OY139564.1, human/OY139564.1.fna,linear,10
OP751607.1, human/OP751607.1.fna,linear,10
CY062387.1, human/CY062387.1.fna,linear,10
ON608776.1, human/ON608776.1.fna,linear,10
OK471771.1, human/OK471771.1.fna,linear,10
OR321962.1, human/OR321962.1.fna,linear,10
OW861457.1, human/OW861457.1.fna,linear,10
OQ898566.1, human/OQ898566.1.fna,linear,10
MW676020.1, human/MW676020.1.fna,linear,10
MK977629.1, human/MK977629.1.fna,linear,10
OX000063.1, human/OX000063.1.fna,linear,10
GU586110.1, human/GU586110.1.fna,linear,10
OK475503.1, human/OK475503.1.fna,linear,10
MN304014.1, human/MN304014.1.fna,linear,10
OV073939.1, human/OV073939.1.fna,linear,10
OX286600.1, human/OX286600.1.fna,linear,10
OV738638.1, human/OV738638.1.fna,linear,10
OK152928.1, human/OK152928.1.fna,linear,10
OY177347.1, human/OY177347.1.fna,linear,10
A36600.1, human/A36600.1.fna,linear,10
OY708341.1, human/OY708341.1.fna,linear,10
OU449887.1, human/OU449887.1.fna,linear,10
OU201441.1, human/OU201441.1.fna,linear,10
ON606972.1, human/ON606972.1.fna,linear,10
OY160537.1, human/OY160537.1.fna,linear,10
JN169073.1, human/JN169073.1.fna,linear,10
OM323610.1, human/OM323610.1.fna,linear,10
AB751422.1, human/AB751422.1.fna,linear,10
ON416444.1, human/ON416444.1.fna,linear,10
CY118023.1, human/CY118023.1.fna,linear,10
OU402377.1, human/OU402377.1.fna,linear,10
OU372454.1, human/OU372454.1.fna,linear,10
DQ199584.1, human/DQ199584.1.fna,linear,10
OU666505.1, human/OU666505.1.fna,linear,10
OM365039.1, human/OM365039.1.fna,linear,10
OR346633.1, human/OR346633.1.fna,linear,10
MZ863880.1, human/MZ863880.1.fna,linear,10
AY744407.1, human/AY744407.1.fna,linear,10
KY058017.1, human/KY058017.1.fna,linear,10
OQ336809.2, human/OQ336809.2.fna,linear,10
OM375095.1, human/OM375095.1.fna,linear,10
OD971443.1, human/OD971443.1.fna,linear,10
ON593974.1, human/ON593974.1.fna,linear,10
OX303627.1, human/OX303627.1.fna,linear,10
OL562488.1, human/OL562488.1.fna,linear,10
OY188977.1, human/OY188977.1.fna,linear,10
CY106920.1, human/CY106920.1.fna,linear,10
OW590770.1, human/OW590770.1.fna,linear,10
OP303817.1, human/OP303817.1.fna,linear,10
JQ434380.1, human/JQ434380.1.fna,linear,10
OY105585.1, human/OY105585.1.fna,linear,10
ON367489.1, human/ON367489.1.fna,linear,10
MW984480.1, human/MW984480.1.fna,linear,10
OP529088.1, human/OP529088.1.fna,linear,10
OX257371.1, human/OX257371.1.fna,linear,10
OU886967.1, human/OU886967.1.fna,linear,10
MZ056494.1, human/MZ056494.1.fna,linear,10
OX761142.1, human/OX761142.1.fna,linear,10
CY009609.1, human/CY009609.1.fna,linear,10
OW741789.1, human/OW741789.1.fna,linear,10
OY717050.1, human/OY717050.1.fna,linear,10
ON458284.1, human/ON458284.1.fna,linear,10
OV980448.1, human/OV980448.1.fna,linear,10
OV566732.1, human/OV566732.1.fna,linear,10
OV694302.1, human/OV694302.1.fna,linear,10
MN789154.1, human/MN789154.1.fna,linear,10
OY518403.1, human/OY518403.1.fna,linear,10
KX393289.1, human/KX393289.1.fna,linear,10
OV747402.1, human/OV747402.1.fna,linear,10
OM950402.1, human/OM950402.1.fna,linear,10
ON535180.1, human/ON535180.1.fna,linear,10
KP457536.1, human/KP457536.1.fna,linear,10
MZ347056.1, human/MZ347056.1.fna,linear,10
OW570438.1, human/OW570438.1.fna,linear,10
OW144198.1, human/OW144198.1.fna,linear,10
OY658665.1, human/OY658665.1.fna,linear,10
OV228931.1, human/OV228931.1.fna,linear,10
MZ392124.1, human/MZ392124.1.fna,linear,10
OU710493.1, human/OU710493.1.fna,linear,10
GQ463710.1, human/GQ463710.1.fna,linear,10
MZ930057.1, human/MZ930057.1.fna,linear,10
OW875280.1, human/OW875280.1.fna,linear,10
OV866744.1, human/OV866744.1.fna,linear,10
GQ870308.1, human/GQ870308.1.fna,linear,10
OX578118.1, human/OX578118.1.fna,linear,10
OP924499.1, human/OP924499.1.fna,linear,10
MZ025970.1, human/MZ025970.1.fna,linear,10
OY015154.1, human/OY015154.1.fna,linear,10
KU145020.1, human/KU145020.1.fna,linear,10
ON074241.1, human/ON074241.1.fna,linear,10
OV385858.1, human/OV385858.1.fna,linear,10
OU723284.1, human/OU723284.1.fna,linear,10
MZ154587.1, human/MZ154587.1.fna,linear,10
OL391392.1, human/OL391392.1.fna,linear,10
OU830250.1, human/OU830250.1.fna,linear,10
OX527795.1, human/OX527795.1.fna,linear,10
ON195742.1, human/ON195742.1.fna,linear,10
OX491208.1, human/OX491208.1.fna,linear,10
KU243413.1, human/KU243413.1.fna,linear,10
OY539534.1, human/OY539534.1.fna,linear,10
OK451375.1, human/OK451375.1.fna,linear,10
MF957679.1, human/MF957679.1.fna,linear,10
AY653554.1, human/AY653554.1.fna,linear,10
OQ347767.1, human/OQ347767.1.fna,linear,10
OQ850477.1, human/OQ850477.1.fna,linear,10
ON657793.1, human/ON657793.1.fna,linear,10
OX386222.1, human/OX386222.1.fna,linear,10
OW410254.1, human/OW410254.1.fna,linear,10
MZ980614.1, human/MZ980614.1.fna,linear,10
OV590223.1, human/OV590223.1.fna,linear,10
OW066900.1, human/OW066900.1.fna,linear,10
OU950717.1, human/OU950717.1.fna,linear,10
OU484542.1, human/OU484542.1.fna,linear,10
OW186586.1, human/OW186586.1.fna,linear,10
KF177114.1, human/KF177114.1.fna,linear,10
OW209370.1, human/OW209370.1.fna,linear,10
OY425052.1, human/OY425052.1.fna,linear,10
OY369984.1, human/OY369984.1.fna,linear,10
OW575114.1, human/OW575114.1.fna,linear,10
OU105436.1, human/OU105436.1.fna,linear,10
OW090332.1, human/OW090332.1.fna,linear,10
OL734669.1, human/OL734669.1.fna,linear,10
OV654281.1, human/OV654281.1.fna,linear,10
MZ966127.1, human/MZ966127.1.fna,linear,10
OK370168.1, human/OK370168.1.fna,linear,10
MZ271947.1, human/MZ271947.1.fna,linear,10
ON204730.1, human/ON204730.1.fna,linear,10
OX212018.1, human/OX212018.1.fna,linear,10
OV196825.1, human/OV196825.1.fna,linear,10
OL447221.1, human/OL447221.1.fna,linear,10
ON293565.1, human/ON293565.1.fna,linear,10
OU626255.1, human/OU626255.1.fna,linear,10
OP733694.1, human/OP733694.1.fna,linear,10
OV555915.1, human/OV555915.1.fna,linear,10
OW516807.1, human/OW516807.1.fna,linear,10
MZ002930.1, human/MZ002930.1.fna,linear,10
OY587702.1, human/OY587702.1.fna,linear,10
OL784431.1, human/OL784431.1.fna,linear,10
OY366653.1, human/OY366653.1.fna,linear,10
OW444101.1, human/OW444101.1.fna,linear,10
OU816502.1, human/OU816502.1.fna,linear,10
OW686274.1, human/OW686274.1.fna,linear,10
OV786489.1, human/OV786489.1.fna,linear,10
KR052579.1, human/KR052579.1.fna,linear,10
OY724198.1, human/OY724198.1.fna,linear,10
OV027693.1, human/OV027693.1.fna,linear,10
MF490708.1, human/MF490708.1.fna,linear,10
ON820709.1, human/ON820709.1.fna,linear,10
KY631581.1, human/KY631581.1.fna,linear,10
OW429411.1, human/OW429411.1.fna,linear,10
OV162195.1, human/OV162195.1.fna,linear,10
OM102182.1, human/OM102182.1.fna,linear,10
OM525045.1, human/OM525045.1.fna,linear,10
OD913045.1, human/OD913045.1.fna,linear,10
OW241087.1, human/OW241087.1.fna,linear,10
KT866673.1, human/KT866673.1.fna,linear,10
LC365868.1, human/LC365868.1.fna,linear,10
OU916534.1, human/OU916534.1.fna,linear,10
CY225831.1, human/CY225831.1.fna,linear,10
OW294847.1, human/OW294847.1.fna,linear,10
OM427610.1, human/OM427610.1.fna,linear,10
OX586111.1, human/OX586111.1.fna,linear,10
KT742535.1, human/KT742535.1.fna,linear,10
OP177005.1, human/OP177005.1.fna,linear,10
OU119242.1, human/OU119242.1.fna,linear,10
OK002606.1, human/OK002606.1.fna,linear,10
HQ704346.1, human/HQ704346.1.fna,linear,10
OP027207.1, human/OP027207.1.fna,linear,10
KT984140.1, human/KT984140.1.fna,linear,10
OD988515.1, human/OD988515.1.fna,linear,10
OW956821.1, human/OW956821.1.fna,linear,10
OY077488.1, human/OY077488.1.fna,linear,10
OX850581.1, human/OX850581.1.fna,linear,10
MW990255.1, human/MW990255.1.fna,linear,10
OW495557.1, human/OW495557.1.fna,linear,10
OV509674.1, human/OV509674.1.fna,linear,10
BK036731.1, human/BK036731.1.fna,linear,10
OQ901376.1, human/OQ901376.1.fna,linear,10
OV520548.1, human/OV520548.1.fna,linear,10
OY517967.1, human/OY517967.1.fna,linear,10
OX826175.1, human/OX826175.1.fna,linear,10
OP192490.1, human/OP192490.1.fna,linear,10
OR520733.1, human/OR520733.1.fna,linear,10
OU312954.1, human/OU312954.1.fna,linear,10
MT703996.1, human/MT703996.1.fna,linear,10
OP127929.1, human/OP127929.1.fna,linear,10
OP982639.1, human/OP982639.1.fna,linear,10
OL702267.1, human/OL702267.1.fna,linear,10
OK424584.1, human/OK424584.1.fna,linear,10
MK148568.1, human/MK148568.1.fna,linear,10
OP217270.1, human/OP217270.1.fna,linear,10
OK555599.1, human/OK555599.1.fna,linear,10
OV490842.1, human/OV490842.1.fna,linear,10
MH209602.1, human/MH209602.1.fna,linear,10
JN014257.1, human/JN014257.1.fna,linear,10
OQ655794.1, human/OQ655794.1.fna,linear,10
OW445746.1, human/OW445746.1.fna,linear,10
OV333437.1, human/OV333437.1.fna,linear,10
OY601040.1, human/OY601040.1.fna,linear,10
AB985462.1, human/AB985462.1.fna,linear,10
OY686848.1, human/OY686848.1.fna,linear,10
JN812610.1, human/JN812610.1.fna,linear,10
OX671766.1, human/OX671766.1.fna,linear,10
OU766742.1, human/OU766742.1.fna,linear,10
OR155931.1, human/OR155931.1.fna,linear,10
OU210122.1, human/OU210122.1.fna,linear,10
OL539165.1, human/OL539165.1.fna,linear,10
OD898847.1, human/OD898847.1.fna,linear,10
OL866937.1, human/OL866937.1.fna,linear,10
OM879325.1, human/OM879325.1.fna,linear,10
OK541817.1, human/OK541817.1.fna,linear,10
OQ752165.1, human/OQ752165.1.fna,linear,10
OX485443.1, human/OX485443.1.fna,linear,10
OM367367.1, human/OM367367.1.fna,linear,10
KF142861.1, human/KF142861.1.fna,linear,10
KY181518.1, human/KY181518.1.fna,linear,10
OK437423.1, human/OK437423.1.fna,linear,10
OU612658.1, human/OU612658.1.fna,linear,10
OP844040.1, human/OP844040.1.fna,linear,10
OQ329401.1, human/OQ329401.1.fna,linear,10
OX336619.1, human/OX336619.1.fna,linear,10
OL393853.1, human/OL393853.1.fna,linear,10
OU878033.1, human/OU878033.1.fna,linear,10
JF905560.1, human/JF905560.1.fna,linear,10
OU354437.1, human/OU354437.1.fna,linear,10
OQ609716.1, human/OQ609716.1.fna,linear,10
OU379163.1, human/OU379163.1.fna,linear,10
OM346558.1, human/OM346558.1.fna,linear,10
ON566469.1, human/ON566469.1.fna,linear,10
MH191625.1, human/MH191625.1.fna,linear,10
OL336170.1, human/OL336170.1.fna,linear,10
OV057565.1, human/OV057565.1.fna,linear,10
OV008984.1, human/OV008984.1.fna,linear,10
OU598356.1, human/OU598356.1.fna,linear,10
OP257677.1, human/OP257677.1.fna,linear,10
MT398901.1, human/MT398901.1.fna,linear,10
OK223538.1, human/OK223538.1.fna,linear,10
OU720453.1, human/OU720453.1.fna,linear,10
EU046386.1, human/EU046386.1.fna,linear,10
OX326278.1, human/OX326278.1.fna,linear,10
GQ496895.1, human/GQ496895.1.fna,linear,10
MN002820.1, human/MN002820.1.fna,linear,10
OP225041.1, human/OP225041.1.fna,linear,10
OM766145.1, human/OM766145.1.fna,linear,10
OU645209.1, human/OU645209.1.fna,linear,10
OX179039.1, human/OX179039.1.fna,linear,10
OW487077.1, human/OW487077.1.fna,linear,10
OK202142.1, human/OK202142.1.fna,linear,10
JN374434.1, human/JN374434.1.fna,linear,10
MZ532514.1, human/MZ532514.1.fna,linear,10
OV150906.1, human/OV150906.1.fna,linear,10
OL723222.1, human/OL723222.1.fna,linear,10
OX147457.1, human/OX147457.1.fna,linear,10
KU611635.1, human/KU611635.1.fna,linear,10
OM812614.2, human/OM812614.2.fna,linear,10
KX887712.1, human/KX887712.1.fna,linear,10
OY352829.1, human/OY352829.1.fna,linear,10
OR499958.1, human/OR499958.1.fna,linear,10
OX901336.1, human/OX901336.1.fna,linear,10
OV157994.1, human/OV157994.1.fna,linear,10
KT839275.1, human/KT839275.1.fna,linear,10
ON676294.1, human/ON676294.1.fna,linear,10
KY432448.1, human/KY432448.1.fna,linear,10
OX673346.1, human/OX673346.1.fna,linear,10
OX634029.1, human/OX634029.1.fna,linear,10
OV271984.1, human/OV271984.1.fna,linear,10
OL323240.1, human/OL323240.1.fna,linear,10
ON467503.1, human/ON467503.1.fna,linear,10
MW956517.1, human/MW956517.1.fna,linear,10
OX673936.1, human/OX673936.1.fna,linear,10
OU465603.1, human/OU465603.1.fna,linear,10
OX011379.1, human/OX011379.1.fna,linear,10
OM031638.1, human/OM031638.1.fna,linear,10
OX504232.1, human/OX504232.1.fna,linear,10
OV731352.1, human/OV731352.1.fna,linear,10
OU671455.1, human/OU671455.1.fna,linear,10
OU217067.1, human/OU217067.1.fna,linear,10
OK245771.1, human/OK245771.1.fna,linear,10
OK645327.1, human/OK645327.1.fna,linear,10
OP323243.2, human/OP323243.2.fna,linear,10
OK652967.1, human/OK652967.1.fna,linear,10
OU458976.1, human/OU458976.1.fna,linear,10
OX967217.1, human/OX967217.1.fna,linear,10
OX356979.1, human/OX356979.1.fna,linear,10
OV783716.1, human/OV783716.1.fna,linear,10
